{"type": "FeatureCollection", "features": [{"type": "Feature", "properties": {"layer": "building", "osm_id": 86337142, "height_m": 40.0, "height_source": "tag:height", "kind": "hotel", "name": "400 Fifth Avenue"}, "geometry": {"type": "Polygon", "coordinates": [[[-73.9834977, 40.7501846], [-73.9836957, 40.7499075], [-73.9837081, 40.7498938], [-73.9837132, 40.7498897], [-73.9837233, 40.7498842], [-73.9837393, 40.749881], [-73.9837577, 40.7498796], [-73.9837694, 40.7498806], [-73.9837905, 40.7498856], [-73.9841287, 40.7500257], [-73.983999, 40.7502069], [-73.9839566, 40.7502664], [-73.983938, 40.7502596], [-73.983879, 40.7503422], [-73.9834977, 40.7501846]]]}}, {"type": "Feature", "properties": {"layer": "building", "osm_id": 160915057, "height_m": 12.0, "height_source": "estimate:default", "kind": "yes", "name": "Bryant Park Tower"}, "geometry": {"type": "Polygon", "coordinates": [[[-73.9857112, 40.7529293], [-73.9860223, 40.7530605], [-73.9860967, 40.7529593], [-73.9861793, 40.7528469], [-73.9861922, 40.7528293], [-73.9862105, 40.7528044], [-73.9863641, 40.7525953], [-73.9860537, 40.7524645], [-73.9860472, 40.7524734], [-73.9859858, 40.752557], [-73.9861677, 40.7526337], [-73.9861332, 40.7526806], [-73.9860985, 40.7527279], [-73.9859158, 40.7526509], [-73.9858684, 40.7527155], [-73.9857859, 40.7528278], [-73.9857112, 40.7529293]]]}}, {"type": "Feature", "properties": {"layer": "building", "osm_id": 160921198, "height_m": 127.0, "height_source": "tag:height", "kind": "yes", "name": ""}, "geometry": {"type": "Polygon", "coordinates": [[[-73.9858208, 40.752893], [-73.985849, 40.7528546], [-73.9858124, 40.7528392], [-73.985895, 40.752727], [-73.9859311, 40.7527422], [-73.9859592, 40.7527039], [-73.9861836, 40.7527987], [-73.9861555, 40.7528369], [-73.9861793, 40.7528469], [-73.9860967, 40.7529593], [-73.9860732, 40.7529493], [-73.9860449, 40.7529876], [-73.9858208, 40.752893]]]}}, {"type": "Feature", "properties": {"layer": "building", "osm_id": 160923101, "height_m": 133.0, "height_source": "tag:height", "kind": "yes", "name": ""}, "geometry": {"type": "Polygon", "coordinates": [[[-73.9858486, 40.7528871], [-73.985877, 40.7528484], [-73.9858609, 40.7528417], [-73.9859233, 40.7527567], [-73.9859393, 40.7527633], [-73.9859672, 40.7527252], [-73.9861558, 40.7528046], [-73.9861277, 40.7528428], [-73.9861447, 40.7528499], [-73.9860821, 40.7529352], [-73.9860651, 40.7529281], [-73.986037, 40.7529664], [-73.9858486, 40.7528871]]]}}, {"type": "Feature", "properties": {"layer": "building", "osm_id": 162977889, "height_m": 45.0, "height_source": "tag:height", "kind": "yes", "name": ""}, "geometry": {"type": "Polygon", "coordinates": [[[-73.9822528, 40.7519589], [-73.9822952, 40.7519017], [-73.982715, 40.7520825], [-73.9826685, 40.7521471], [-73.9827693, 40.7521887], [-73.9829395, 40.7519521], [-73.9828387, 40.7519105], [-73.9824218, 40.7517325], [-73.9823878, 40.751718], [-73.9822193, 40.7519446], [-73.9822528, 40.7519589]]]}}, {"type": "Feature", "properties": {"layer": "building", "osm_id": 162977891, "height_m": 15.0, "height_source": "tag:height", "kind": "yes", "name": ""}, "geometry": {"type": "Polygon", "coordinates": [[[-73.9824348, 40.7523602], [-73.9823879, 40.7523403], [-73.9823433, 40.7523213], [-73.9823874, 40.7522625], [-73.9824073, 40.752271], [-73.9824, 40.7522808], [-73.9824167, 40.7522879], [-73.9824092, 40.7522978], [-73.982426, 40.752305], [-73.982418, 40.7523157], [-73.9824362, 40.7523235], [-73.9824285, 40.7523339], [-73.9824482, 40.7523423], [-73.9824348, 40.7523602]]]}}, {"type": "Feature", "properties": {"layer": "building", "osm_id": 162977892, "height_m": 37.0, "height_source": "tag:height", "kind": "yes", "name": ""}, "geometry": {"type": "Polygon", "coordinates": [[[-73.9822295, 40.7519902], [-73.9822528, 40.7519589], [-73.9822952, 40.7519017], [-73.982715, 40.7520825], [-73.9826685, 40.7521471], [-73.9827693, 40.7521887], [-73.9829395, 40.7519521], [-73.9828387, 40.7519105], [-73.9824218, 40.7517325], [-73.9823878, 40.751718], [-73.9822193, 40.7519446], [-73.982196, 40.751976], [-73.9822295, 40.7519902]]]}}, {"type": "Feature", "properties": {"layer": "building", "osm_id": 162977894, "height_m": 33.0, "height_source": "tag:height", "kind": "yes", "name": ""}, "geometry": {"type": "Polygon", "coordinates": [[[-73.9822062, 40.7520215], [-73.9822295, 40.7519902], [-73.9822528, 40.7519589], [-73.9822952, 40.7519017], [-73.982715, 40.7520825], [-73.9826685, 40.7521471], [-73.9827693, 40.7521887], [-73.9829395, 40.7519521], [-73.9828387, 40.7519105], [-73.9824218, 40.7517325], [-73.9823878, 40.751718], [-73.9822193, 40.7519446], [-73.982196, 40.751976], [-73.9821728, 40.7520073], [-73.9822062, 40.7520215]]]}}, {"type": "Feature", "properties": {"layer": "building", "osm_id": 162977896, "height_m": 45.0, "height_source": "tag:height", "kind": "commercial", "name": ""}, "geometry": {"type": "Polygon", "coordinates": [[[-73.9823433, 40.7523213], [-73.9823874, 40.7522625], [-73.9823945, 40.752253], [-73.9823673, 40.7522414], [-73.9823726, 40.7522343], [-73.9823509, 40.752225], [-73.9823553, 40.7522191], [-73.982333, 40.7522095], [-73.982343, 40.7521962], [-73.982276, 40.7521604], [-73.9822108, 40.7521288], [-73.9821483, 40.752099], [-73.9821287, 40.7521249], [-73.982097, 40.7521114], [-73.9820411, 40.7521869], [-73.9823433, 40.7523213]]]}}, {"type": "Feature", "properties": {"layer": "building", "osm_id": 162977898, "height_m": 29.0, "height_source": "tag:height", "kind": "yes", "name": ""}, "geometry": {"type": "Polygon", "coordinates": [[[-73.9821829, 40.7520528], [-73.9822062, 40.7520215], [-73.9822295, 40.7519902], [-73.9822528, 40.7519589], [-73.9822952, 40.7519017], [-73.982715, 40.7520825], [-73.9826685, 40.7521471], [-73.9827693, 40.7521887], [-73.9829395, 40.7519521], [-73.9828387, 40.7519105], [-73.9824218, 40.7517325], [-73.9823878, 40.751718], [-73.9822193, 40.7519446], [-73.982196, 40.751976], [-73.9821728, 40.7520073], [-73.9821495, 40.7520386], [-73.9821829, 40.7520528]]]}}, {"type": "Feature", "properties": {"layer": "building", "osm_id": 162977901, "height_m": 25.0, "height_source": "tag:height", "kind": "yes", "name": ""}, "geometry": {"type": "Polygon", "coordinates": [[[-73.9821613, 40.7520814], [-73.9821829, 40.7520528], [-73.9822062, 40.7520215], [-73.9822295, 40.7519902], [-73.9822528, 40.7519589], [-73.9822952, 40.7519017], [-73.982715, 40.7520825], [-73.9826685, 40.7521471], [-73.9827693, 40.7521887], [-73.9829395, 40.7519521], [-73.9828387, 40.7519105], [-73.9824218, 40.7517325], [-73.9823878, 40.751718], [-73.9822193, 40.7519446], [-73.982196, 40.751976], [-73.9821728, 40.7520073], [-73.9821495, 40.7520386], [-73.9821284, 40.7520675], [-73.9821613, 40.7520814]]]}}, {"type": "Feature", "properties": {"layer": "building", "osm_id": 162977905, "height_m": 122.0, "height_source": "tag:height", "kind": "yes", "name": ""}, "geometry": {"type": "Polygon", "coordinates": [[[-73.9821483, 40.752099], [-73.9821613, 40.7520814], [-73.9821829, 40.7520528], [-73.9822062, 40.7520215], [-73.9822295, 40.7519902], [-73.9822528, 40.7519589], [-73.9822952, 40.7519017], [-73.982715, 40.7520825], [-73.9826685, 40.7521471], [-73.9826459, 40.752176], [-73.9824946, 40.7523864], [-73.9824348, 40.7523602], [-73.9824584, 40.7523546], [-73.9824722, 40.7523366], [-73.9823622, 40.7521794], [-73.9821803, 40.752095], [-73.9821483, 40.752099]]]}}, {"type": "Feature", "properties": {"layer": "building", "osm_id": 162977914, "height_m": 60.0, "height_source": "tag:height", "kind": "yes", "name": ""}, "geometry": {"type": "Polygon", "coordinates": [[[-73.9829395, 40.7519521], [-73.9828387, 40.7519105], [-73.982715, 40.7520825], [-73.9826685, 40.7521471], [-73.9827693, 40.7521887], [-73.9829395, 40.7519521]]]}}, {"type": "Feature", "properties": {"layer": "building", "osm_id": 162977916, "height_m": 53.0, "height_source": "tag:height", "kind": "yes", "name": ""}, "geometry": {"type": "Polygon", "coordinates": [[[-73.9822952, 40.7519017], [-73.9824218, 40.7517325], [-73.9828387, 40.7519105], [-73.9829395, 40.7519521], [-73.9827693, 40.7521887], [-73.9826685, 40.7521471], [-73.982715, 40.7520825], [-73.9822952, 40.7519017]]]}}, {"type": "Feature", "properties": {"layer": "building", "osm_id": 162979253, "height_m": 193.0, "height_source": "tag:height", "kind": "yes", "name": ""}, "geometry": {"type": "Polygon", "coordinates": [[[-73.9838388, 40.7503094], [-73.9840375, 40.750037], [-73.9837671, 40.7499242], [-73.9835699, 40.7501957], [-73.9838388, 40.7503094]]]}}, {"type": "Feature", "properties": {"layer": "building", "osm_id": 218327129, "height_m": 40.0, "height_source": "tag:height", "kind": "yes", "name": "Bryant Park 7"}, "geometry": {"type": "Polygon", "coordinates": [[[-73.9856025, 40.7536225], [-73.9856653, 40.7535378], [-73.9857983, 40.7533584], [-73.9858666, 40.7532662], [-73.9859133, 40.7532039], [-73.9855967, 40.7530723], [-73.9855778, 40.7530993], [-73.9853009, 40.7534947], [-73.985361, 40.7535198], [-73.9853296, 40.7535598], [-73.9855094, 40.753636], [-73.9855392, 40.7535956], [-73.9856025, 40.7536225]]]}}, {"type": "Feature", "properties": {"layer": "building", "osm_id": 260073224, "height_m": 25.0, "height_source": "tag:height", "kind": "yes", "name": ""}, "geometry": {"type": "Polygon", "coordinates": [[[-73.9809067, 40.753102], [-73.9809454, 40.7531187], [-73.9810329, 40.7529988], [-73.9809931, 40.7529816], [-73.9809067, 40.753102]]]}}, {"type": "Feature", "properties": {"layer": "building", "osm_id": 265301692, "height_m": 12.0, "height_source": "estimate:default", "kind": "yes", "name": ""}, "geometry": {"type": "Polygon", "coordinates": [[[-73.9837526, 40.7526674], [-73.9839438, 40.7527487], [-73.9839259, 40.7527726], [-73.9839079, 40.7527975], [-73.983902, 40.7528054], [-73.9838335, 40.7529001], [-73.9838321, 40.752902], [-73.9838221, 40.7529153], [-73.9837929, 40.7529238], [-73.9836404, 40.7528596], [-73.9836312, 40.7528356], [-73.9836428, 40.7528197], [-73.983712, 40.7527256], [-73.9837177, 40.7527177], [-73.9837351, 40.7526925], [-73.9837526, 40.7526674]]]}}, {"type": "Feature", "properties": {"layer": "building", "osm_id": 265301698, "height_m": 49.6, "height_source": "tag:height", "kind": "yes", "name": ""}, "geometry": {"type": "Polygon", "coordinates": [[[-73.9837397, 40.7506732], [-73.9838982, 40.7507401], [-73.9837495, 40.7509439], [-73.9837267, 40.7509752], [-73.9835682, 40.7509083], [-73.9836349, 40.7508169], [-73.9837397, 40.7506732]]]}}, {"type": "Feature", "properties": {"layer": "building", "osm_id": 265301700, "height_m": 51.8, "height_source": "tag:height", "kind": "yes", "name": ""}, "geometry": {"type": "Polygon", "coordinates": [[[-73.9827693, 40.7521887], [-73.9829395, 40.7519521], [-73.9833287, 40.7521164], [-73.9831595, 40.752351], [-73.9829468, 40.7522625], [-73.9827693, 40.7521887]]]}}, {"type": "Feature", "properties": {"layer": "building", "osm_id": 265301703, "height_m": 12.5, "height_source": "tag:height", "kind": "yes", "name": ""}, "geometry": {"type": "Polygon", "coordinates": [[[-73.9858456, 40.7517425], [-73.9859302, 40.7517783], [-73.9860858, 40.7518441], [-73.9860489, 40.7518945], [-73.9858087, 40.7517929], [-73.9858456, 40.7517425]]]}}, {"type": "Feature", "properties": {"layer": "building", "osm_id": 265301704, "height_m": 9.4, "height_source": "tag:height", "kind": "yes", "name": ""}, "geometry": {"type": "Polygon", "coordinates": [[[-73.9858087, 40.7517929], [-73.9860489, 40.7518945], [-73.9860112, 40.7519462], [-73.985989, 40.7519364], [-73.9857726, 40.7518424], [-73.9858087, 40.7517929]]]}}, {"type": "Feature", "properties": {"layer": "building", "osm_id": 265301705, "height_m": 16.0, "height_source": "tag:height", "kind": "residential", "name": "The Atlas"}, "geometry": {"type": "Polygon", "coordinates": [[[-73.9855637, 40.7517544], [-73.985626, 40.7517804], [-73.985704, 40.7518133], [-73.9857726, 40.7518424], [-73.985989, 40.7519364], [-73.9859707, 40.7519615], [-73.9858522, 40.7521244], [-73.9858203, 40.7521683], [-73.9854401, 40.7520083], [-73.9853927, 40.7519884], [-73.9854236, 40.7519448], [-73.9855085, 40.751829], [-73.9855464, 40.7517773], [-73.9855637, 40.7517544]]]}}, {"type": "Feature", "properties": {"layer": "building", "osm_id": 265301712, "height_m": 20.4, "height_source": "tag:height", "kind": "yes", "name": ""}, "geometry": {"type": "Polygon", "coordinates": [[[-73.9853806, 40.7523226], [-73.9856513, 40.7524368], [-73.9856149, 40.7524867], [-73.9853442, 40.7523726], [-73.9853806, 40.7523226]]]}}, {"type": "Feature", "properties": {"layer": "building", "osm_id": 265301713, "height_m": 10.1, "height_source": "tag:height", "kind": "yes", "name": ""}, "geometry": {"type": "Polygon", "coordinates": [[[-73.9859858, 40.752557], [-73.9861677, 40.7526337], [-73.9861332, 40.7526806], [-73.9859509, 40.752604], [-73.9859858, 40.752557]]]}}, {"type": "Feature", "properties": {"layer": "building", "osm_id": 265301714, "height_m": 20.5, "height_source": "tag:height", "kind": "yes", "name": ""}, "geometry": {"type": "Polygon", "coordinates": [[[-73.9853442, 40.7523726], [-73.9856149, 40.7524867], [-73.9855786, 40.7525366], [-73.9853078, 40.7524224], [-73.9853442, 40.7523726]]]}}, {"type": "Feature", "properties": {"layer": "building", "osm_id": 265301715, "height_m": 14.2, "height_source": "tag:height", "kind": "yes", "name": ""}, "geometry": {"type": "Polygon", "coordinates": [[[-73.9859509, 40.752604], [-73.9861332, 40.7526806], [-73.9860985, 40.7527279], [-73.9859158, 40.7526509], [-73.9859509, 40.752604]]]}}, {"type": "Feature", "properties": {"layer": "building", "osm_id": 265301717, "height_m": 20.3, "height_source": "tag:height", "kind": "yes", "name": ""}, "geometry": {"type": "Polygon", "coordinates": [[[-73.9852234, 40.7524615], [-73.985265, 40.7524043], [-73.9853078, 40.7524224], [-73.9855786, 40.7525366], [-73.9855369, 40.7525937], [-73.9853473, 40.7525137], [-73.9852843, 40.7524871], [-73.9852234, 40.7524615]]]}}, {"type": "Feature", "properties": {"layer": "building", "osm_id": 265301719, "height_m": 18.8, "height_source": "tag:height", "kind": "yes", "name": ""}, "geometry": {"type": "Polygon", "coordinates": [[[-73.9853473, 40.7525137], [-73.9855369, 40.7525937], [-73.9855001, 40.7526442], [-73.9853104, 40.7525643], [-73.9853473, 40.7525137]]]}}, {"type": "Feature", "properties": {"layer": "building", "osm_id": 265301720, "height_m": 85.0, "height_source": "tag:height", "kind": "apartments", "name": "ML House"}, "geometry": {"type": "Polygon", "coordinates": [[[-73.9848006, 40.753045], [-73.9848522, 40.7530665], [-73.9849896, 40.7531237], [-73.9850365, 40.7531432], [-73.985055, 40.7531517], [-73.9850697, 40.7531579], [-73.9850844, 40.7531641], [-73.9850991, 40.7531702], [-73.9851138, 40.7531764], [-73.9850438, 40.7532728], [-73.9847306, 40.7531414], [-73.984784, 40.7530678], [-73.9848006, 40.753045]]]}}, {"type": "Feature", "properties": {"layer": "building", "osm_id": 265301728, "height_m": 23.4, "height_source": "tag:height", "kind": "yes", "name": ""}, "geometry": {"type": "Polygon", "coordinates": [[[-73.9844359, 40.7501608], [-73.9845181, 40.7501944], [-73.9843684, 40.7504045], [-73.9842862, 40.7503709], [-73.9844359, 40.7501608]]]}}, {"type": "Feature", "properties": {"layer": "building", "osm_id": 265301729, "height_m": 19.4, "height_source": "tag:height", "kind": "yes", "name": ""}, "geometry": {"type": "Polygon", "coordinates": [[[-73.9841312, 40.7508384], [-73.9842109, 40.750872], [-73.9840554, 40.7510852], [-73.9840391, 40.7511074], [-73.9839822, 40.7510834], [-73.9840351, 40.7510108], [-73.9840124, 40.7510012], [-73.9841312, 40.7508384]]]}}, {"type": "Feature", "properties": {"layer": "building", "osm_id": 265301733, "height_m": 46.8, "height_source": "tag:height", "kind": "yes", "name": ""}, "geometry": {"type": "Polygon", "coordinates": [[[-73.984264, 40.7504036], [-73.9844025, 40.7504609], [-73.9842329, 40.7506984], [-73.9840943, 40.7506412], [-73.984264, 40.7504036]]]}}, {"type": "Feature", "properties": {"layer": "building", "osm_id": 265301736, "height_m": 15.4, "height_source": "tag:height", "kind": "yes", "name": ""}, "geometry": {"type": "Polygon", "coordinates": [[[-73.9828555, 40.7522477], [-73.9829339, 40.7522803], [-73.9827718, 40.7525037], [-73.9826951, 40.7524708], [-73.9828469, 40.7522596], [-73.9828555, 40.7522477]]]}}, {"type": "Feature", "properties": {"layer": "building", "osm_id": 265301761, "height_m": 27.0, "height_source": "tag:height", "kind": "yes", "name": ""}, "geometry": {"type": "Polygon", "coordinates": [[[-73.9845181, 40.7501944], [-73.9845958, 40.7502257], [-73.9844451, 40.750436], [-73.9843684, 40.7504045], [-73.9845181, 40.7501944]]]}}, {"type": "Feature", "properties": {"layer": "building", "osm_id": 265301763, "height_m": 17.5, "height_source": "tag:height", "kind": "yes", "name": ""}, "geometry": {"type": "Polygon", "coordinates": [[[-73.9836491, 40.7514453], [-73.9837048, 40.7514688], [-73.9836399, 40.7515578], [-73.9836283, 40.7515737], [-73.9835499, 40.7516813], [-73.9834941, 40.7516578], [-73.9836491, 40.7514453]]]}}, {"type": "Feature", "properties": {"layer": "building", "osm_id": 265301805, "height_m": 61.4, "height_source": "tag:height", "kind": "office", "name": ""}, "geometry": {"type": "Polygon", "coordinates": [[[-73.9845958, 40.7502257], [-73.9847468, 40.7502882], [-73.9845964, 40.7504987], [-73.9844451, 40.750436], [-73.9845958, 40.7502257]]]}}, {"type": "Feature", "properties": {"layer": "building", "osm_id": 265301808, "height_m": 48.5, "height_source": "tag:height", "kind": "yes", "name": "Permanent Mission of Cyprus to the United Nations"}, "geometry": {"type": "Polygon", "coordinates": [[[-73.9836283, 40.7515737], [-73.9836679, 40.7515904], [-73.9836795, 40.7515745], [-73.9836399, 40.7515578], [-73.9837048, 40.7514688], [-73.9838849, 40.7515448], [-73.98373, 40.7517573], [-73.9835499, 40.7516813], [-73.9836283, 40.7515737]]]}}, {"type": "Feature", "properties": {"layer": "building", "osm_id": 265301810, "height_m": 70.1, "height_source": "tag:height", "kind": "yes", "name": "The Columns"}, "geometry": {"type": "Polygon", "coordinates": [[[-73.9832393, 40.7523654], [-73.9833942, 40.7521476], [-73.9835935, 40.7522295], [-73.9834386, 40.7524473], [-73.9833051, 40.7523924], [-73.9832393, 40.7523654]]]}}, {"type": "Feature", "properties": {"layer": "building", "osm_id": 265301823, "height_m": 49.6, "height_source": "tag:height", "kind": "yes", "name": ""}, "geometry": {"type": "Polygon", "coordinates": [[[-73.9847947, 40.749815], [-73.9849562, 40.7498823], [-73.9847852, 40.7501197], [-73.98469, 40.75008], [-73.9846236, 40.7500524], [-73.9846278, 40.7500467], [-73.9847947, 40.749815]]]}}, {"type": "Feature", "properties": {"layer": "building", "osm_id": 265301824, "height_m": 17.0, "height_source": "tag:height", "kind": "yes", "name": ""}, "geometry": {"type": "Polygon", "coordinates": [[[-73.9844025, 40.7504609], [-73.9844675, 40.7504877], [-73.9842978, 40.7507253], [-73.9842329, 40.7506984], [-73.9844025, 40.7504609]]]}}, {"type": "Feature", "properties": {"layer": "building", "osm_id": 265301825, "height_m": 46.3, "height_source": "tag:height", "kind": "yes", "name": ""}, "geometry": {"type": "Polygon", "coordinates": [[[-73.9834477, 40.7517215], [-73.9834911, 40.7517397], [-73.9834964, 40.7517324], [-73.9835899, 40.7517718], [-73.9834421, 40.7519746], [-73.9833052, 40.7519169], [-73.9834477, 40.7517215]]]}}, {"type": "Feature", "properties": {"layer": "building", "osm_id": 265301826, "height_m": 17.4, "height_source": "tag:height", "kind": "yes", "name": ""}, "geometry": {"type": "Polygon", "coordinates": [[[-73.9844675, 40.7504877], [-73.9845276, 40.7505126], [-73.9845124, 40.7505339], [-73.984358, 40.7507501], [-73.9842978, 40.7507253], [-73.9844675, 40.7504877]]]}}, {"type": "Feature", "properties": {"layer": "building", "osm_id": 265301827, "height_m": 17.3, "height_source": "tag:height", "kind": "yes", "name": ""}, "geometry": {"type": "Polygon", "coordinates": [[[-73.983861, 40.7510661], [-73.9839437, 40.7511009], [-73.9837937, 40.7513071], [-73.9837106, 40.7512721], [-73.983861, 40.7510661]]]}}, {"type": "Feature", "properties": {"layer": "building", "osm_id": 265301828, "height_m": 45.5, "height_source": "tag:height", "kind": "yes", "name": ""}, "geometry": {"type": "Polygon", "coordinates": [[[-73.9847468, 40.7502882], [-73.9849011, 40.7503519], [-73.9847466, 40.7505682], [-73.9845923, 40.7505045], [-73.9845964, 40.7504987], [-73.9847468, 40.7502882]]]}}, {"type": "Feature", "properties": {"layer": "building", "osm_id": 265301829, "height_m": 15.4, "height_source": "tag:height", "kind": "yes", "name": ""}, "geometry": {"type": "Polygon", "coordinates": [[[-73.9838849, 40.7515448], [-73.9839642, 40.7515782], [-73.9838092, 40.7517907], [-73.98373, 40.7517573], [-73.9838849, 40.7515448]]]}}, {"type": "Feature", "properties": {"layer": "building", "osm_id": 265301833, "height_m": 44.9, "height_source": "tag:height", "kind": "yes", "name": ""}, "geometry": {"type": "Polygon", "coordinates": [[[-73.983879, 40.7503422], [-73.983938, 40.7502596], [-73.9839566, 40.7502664], [-73.9840025, 40.7502863], [-73.9838378, 40.7505169], [-73.9833919, 40.7503328], [-73.9834977, 40.7501846], [-73.983879, 40.7503422]]]}}, {"type": "Feature", "properties": {"layer": "building", "osm_id": 265301834, "height_m": 46.2, "height_source": "tag:height", "kind": "yes", "name": ""}, "geometry": {"type": "Polygon", "coordinates": [[[-73.9849562, 40.7498823], [-73.9850106, 40.749905], [-73.9850861, 40.7499365], [-73.9850695, 40.7499595], [-73.9851458, 40.7499913], [-73.9849913, 40.7502056], [-73.9847852, 40.7501197], [-73.9849562, 40.7498823]]]}}, {"type": "Feature", "properties": {"layer": "building", "osm_id": 265301835, "height_m": 45.8, "height_source": "tag:height", "kind": "yes", "name": ""}, "geometry": {"type": "Polygon", "coordinates": [[[-73.9845124, 40.7505339], [-73.9847134, 40.7506169], [-73.984559, 40.7508331], [-73.984358, 40.7507501], [-73.9845124, 40.7505339]]]}}, {"type": "Feature", "properties": {"layer": "building", "osm_id": 265301837, "height_m": 19.4, "height_source": "tag:height", "kind": "yes", "name": ""}, "geometry": {"type": "Polygon", "coordinates": [[[-73.9839437, 40.7511009], [-73.9840245, 40.7511349], [-73.9840163, 40.7511462], [-73.9838697, 40.7513476], [-73.9837889, 40.7513136], [-73.9837937, 40.7513071], [-73.9839437, 40.7511009]]]}}, {"type": "Feature", "properties": {"layer": "building", "osm_id": 265301838, "height_m": 10.8, "height_source": "tag:height", "kind": "yes", "name": ""}, "geometry": {"type": "Polygon", "coordinates": [[[-73.9836136, 40.7517394], [-73.9837541, 40.7517987], [-73.9835826, 40.7520339], [-73.9834421, 40.7519746], [-73.9835899, 40.7517718], [-73.9836136, 40.7517394]]]}}, {"type": "Feature", "properties": {"layer": "building", "osm_id": 265301841, "height_m": 51.9, "height_source": "tag:height", "kind": "yes", "name": ""}, "geometry": {"type": "Polygon", "coordinates": [[[-73.984505, 40.7509961], [-73.9846042, 40.7510372], [-73.9846018, 40.7510405], [-73.9844818, 40.7512063], [-73.984437, 40.7512715], [-73.9843351, 40.7512278], [-73.9843489, 40.751209], [-73.984505, 40.7509961]]]}}, {"type": "Feature", "properties": {"layer": "building", "osm_id": 265301842, "height_m": 66.4, "height_source": "tag:height", "kind": "yes", "name": ""}, "geometry": {"type": "Polygon", "coordinates": [[[-73.9839642, 40.7515782], [-73.9840986, 40.7516349], [-73.9840687, 40.7516759], [-73.9839581, 40.7518276], [-73.9839437, 40.7518474], [-73.9838092, 40.7517907], [-73.9839642, 40.7515782]]]}}, {"type": "Feature", "properties": {"layer": "building", "osm_id": 265301843, "height_m": 23.1, "height_source": "tag:height", "kind": "yes", "name": ""}, "geometry": {"type": "Polygon", "coordinates": [[[-73.9835935, 40.7522295], [-73.9836677, 40.75226], [-73.9835688, 40.7523991], [-73.9835128, 40.7524778], [-73.9834386, 40.7524473], [-73.9835935, 40.7522295]]]}}, {"type": "Feature", "properties": {"layer": "building", "osm_id": 265301844, "height_m": 20.3, "height_source": "tag:height", "kind": "yes", "name": ""}, "geometry": {"type": "Polygon", "coordinates": [[[-73.9849011, 40.7503519], [-73.9849608, 40.7503766], [-73.9848142, 40.7505818], [-73.9848026, 40.750598], [-73.984743, 40.7505733], [-73.9847466, 40.7505682], [-73.9849011, 40.7503519]]]}}, {"type": "Feature", "properties": {"layer": "building", "osm_id": 265301845, "height_m": 18.8, "height_source": "tag:height", "kind": "yes", "name": ""}, "geometry": {"type": "Polygon", "coordinates": [[[-73.9836677, 40.75226], [-73.9837492, 40.7522935], [-73.9836, 40.7525035], [-73.9835859, 40.7525233], [-73.9835313, 40.7525008], [-73.9835958, 40.7524102], [-73.9835688, 40.7523991], [-73.9836677, 40.75226]]]}}, {"type": "Feature", "properties": {"layer": "building", "osm_id": 265301848, "height_m": 16.9, "height_source": "tag:height", "kind": "yes", "name": ""}, "geometry": {"type": "Polygon", "coordinates": [[[-73.9837541, 40.7517987], [-73.9838256, 40.7518288], [-73.9836541, 40.752064], [-73.9835826, 40.7520339], [-73.9837541, 40.7517987]]]}}, {"type": "Feature", "properties": {"layer": "building", "osm_id": 265301849, "height_m": 77.3, "height_source": "tag:height", "kind": "yes", "name": ""}, "geometry": {"type": "Polygon", "coordinates": [[[-73.9832621, 40.7527093], [-73.9830984, 40.7526397], [-73.9832146, 40.7524794], [-73.9832342, 40.7524877], [-73.9832914, 40.7524103], [-73.9834371, 40.7524726], [-73.9834021, 40.7525198], [-73.9832621, 40.7527093]]]}}, {"type": "Feature", "properties": {"layer": "building", "osm_id": 265301853, "height_m": 44.1, "height_source": "tag:height", "kind": "yes", "name": ""}, "geometry": {"type": "Polygon", "coordinates": [[[-73.9849608, 40.7503766], [-73.9850799, 40.7504258], [-73.9849334, 40.750631], [-73.9848142, 40.7505818], [-73.9849608, 40.7503766]]]}}, {"type": "Feature", "properties": {"layer": "building", "osm_id": 265301854, "height_m": 51.2, "height_source": "tag:levels", "kind": "hotel", "name": "Fairfield Inn"}, "geometry": {"type": "Polygon", "coordinates": [[[-73.9845611, 40.7512392], [-73.9844818, 40.7512063], [-73.9846018, 40.7510405], [-73.9846811, 40.7510734], [-73.9845611, 40.7512392]]]}}, {"type": "Feature", "properties": {"layer": "building", "osm_id": 265301856, "height_m": 30.0, "height_source": "estimate:type=hotel", "kind": "hotel", "name": "Hotel Hendricks"}, "geometry": {"type": "Polygon", "coordinates": [[[-73.9840687, 40.7516759], [-73.9842048, 40.7517326], [-73.9840935, 40.7518852], [-73.9839581, 40.7518276], [-73.9840687, 40.7516759]]]}}, {"type": "Feature", "properties": {"layer": "building", "osm_id": 265301857, "height_m": 76.0, "height_source": "tag:height", "kind": "yes", "name": "Engineering Societies' Building"}, "geometry": {"type": "Polygon", "coordinates": [[[-73.9837492, 40.7522935], [-73.983815, 40.7523206], [-73.9838088, 40.7523293], [-73.9840497, 40.7524283], [-73.9840543, 40.7524218], [-73.9841123, 40.7524457], [-73.9839629, 40.7526558], [-73.9838867, 40.7526244], [-73.9839192, 40.7525787], [-73.9837813, 40.752522], [-73.9837504, 40.7525654], [-73.9836, 40.7525035], [-73.9837492, 40.7522935]]]}}, {"type": "Feature", "properties": {"layer": "building", "osm_id": 265301859, "height_m": 8.9, "height_source": "tag:height", "kind": "yes", "name": ""}, "geometry": {"type": "Polygon", "coordinates": [[[-73.9847134, 40.7506169], [-73.9847906, 40.7506488], [-73.9846361, 40.750865], [-73.984559, 40.7508331], [-73.9847134, 40.7506169]]]}}, {"type": "Feature", "properties": {"layer": "building", "osm_id": 265301861, "height_m": 23.6, "height_source": "tag:height", "kind": "yes", "name": ""}, "geometry": {"type": "Polygon", "coordinates": [[[-73.9841789, 40.7511996], [-73.98426, 40.7512337], [-73.9841051, 40.7514466], [-73.984024, 40.7514125], [-73.9841705, 40.7512111], [-73.9841789, 40.7511996]]]}}, {"type": "Feature", "properties": {"layer": "building", "osm_id": 265301862, "height_m": 16.9, "height_source": "tag:height", "kind": "yes", "name": ""}, "geometry": {"type": "Polygon", "coordinates": [[[-73.9838256, 40.7518288], [-73.9838929, 40.7518572], [-73.9837214, 40.7520924], [-73.9836541, 40.752064], [-73.9838256, 40.7518288]]]}}, {"type": "Feature", "properties": {"layer": "building", "osm_id": 265301867, "height_m": 44.5, "height_source": "tag:height", "kind": "yes", "name": ""}, "geometry": {"type": "Polygon", "coordinates": [[[-73.9851598, 40.7499718], [-73.9853159, 40.7500369], [-73.9851474, 40.7502707], [-73.9849913, 40.7502056], [-73.9851458, 40.7499913], [-73.9851598, 40.7499718]]]}}, {"type": "Feature", "properties": {"layer": "building", "osm_id": 265301868, "height_m": 10.8, "height_source": "tag:height", "kind": "yes", "name": ""}, "geometry": {"type": "Polygon", "coordinates": [[[-73.9848071, 40.7506256], [-73.9849615, 40.7506894], [-73.9849554, 40.750698], [-73.9848049, 40.7509086], [-73.9847905, 40.7509288], [-73.9846361, 40.750865], [-73.9847906, 40.7506488], [-73.9848071, 40.7506256]]]}}, {"type": "Feature", "properties": {"layer": "building", "osm_id": 265301870, "height_m": 47.1, "height_source": "tag:height", "kind": "yes", "name": ""}, "geometry": {"type": "Polygon", "coordinates": [[[-73.98426, 40.7512337], [-73.9844157, 40.7512992], [-73.9842608, 40.7515121], [-73.9841051, 40.7514466], [-73.98426, 40.7512337]]]}}, {"type": "Feature", "properties": {"layer": "building", "osm_id": 265301871, "height_m": 16.7, "height_source": "tag:height", "kind": "yes", "name": ""}, "geometry": {"type": "Polygon", "coordinates": [[[-73.9838929, 40.7518572], [-73.9839658, 40.7518879], [-73.9837942, 40.7521231], [-73.9837214, 40.7520924], [-73.9838929, 40.7518572]]]}}, {"type": "Feature", "properties": {"layer": "building", "osm_id": 265301873, "height_m": 16.6, "height_source": "tag:height", "kind": "yes", "name": ""}, "geometry": {"type": "Polygon", "coordinates": [[[-73.9834021, 40.7525198], [-73.9834637, 40.7525461], [-73.9834975, 40.7525003], [-73.9835332, 40.7525156], [-73.983525, 40.7525266], [-73.9834824, 40.7525842], [-73.9835033, 40.7525931], [-73.9834464, 40.7526701], [-73.9834264, 40.7526616], [-73.9833606, 40.7527507], [-73.9832621, 40.7527093], [-73.9834021, 40.7525198]]]}}, {"type": "Feature", "properties": {"layer": "building", "osm_id": 265301874, "height_m": 44.9, "height_source": "tag:height", "kind": "yes", "name": ""}, "geometry": {"type": "Polygon", "coordinates": [[[-73.9854618, 40.749783], [-73.985661, 40.7498661], [-73.9855071, 40.7500792], [-73.985308, 40.749996], [-73.9854618, 40.749783]]]}}, {"type": "Feature", "properties": {"layer": "building", "osm_id": 265301876, "height_m": 58.0, "height_source": "tag:height", "kind": "yes", "name": ""}, "geometry": {"type": "Polygon", "coordinates": [[[-73.9850799, 40.7504258], [-73.9852836, 40.7505099], [-73.9852781, 40.7505177], [-73.9851266, 40.7507297], [-73.9849229, 40.7506456], [-73.9849334, 40.750631], [-73.9850799, 40.7504258]]]}}, {"type": "Feature", "properties": {"layer": "building", "osm_id": 265301877, "height_m": 60.8, "height_source": "tag:levels", "kind": "hotel", "name": "SpringHill Suites"}, "geometry": {"type": "Polygon", "coordinates": [[[-73.9846811, 40.7510734], [-73.984813, 40.7511281], [-73.9847792, 40.7511748], [-73.9847268, 40.7512472], [-73.9847057, 40.7512384], [-73.9846719, 40.7512852], [-73.9845611, 40.7512392], [-73.9846811, 40.7510734]]]}}, {"type": "Feature", "properties": {"layer": "building", "osm_id": 265301880, "height_m": 73.6, "height_source": "tag:levels", "kind": "yes", "name": ""}, "geometry": {"type": "Polygon", "coordinates": [[[-73.9841527, 40.7502697], [-73.983999, 40.7502069], [-73.9841288, 40.7500258], [-73.9842815, 40.7500893], [-73.9841527, 40.7502697]]]}}, {"type": "Feature", "properties": {"layer": "building", "osm_id": 265301882, "height_m": 17.2, "height_source": "tag:height", "kind": "yes", "name": "Grayson"}, "geometry": {"type": "Polygon", "coordinates": [[[-73.9839658, 40.7518879], [-73.984031, 40.7519154], [-73.9840086, 40.7519462], [-73.9838595, 40.7521506], [-73.9837942, 40.7521231], [-73.9839658, 40.7518879]]]}}, {"type": "Feature", "properties": {"layer": "building", "osm_id": 265301883, "height_m": 17.1, "height_source": "tag:height", "kind": "yes", "name": ""}, "geometry": {"type": "Polygon", "coordinates": [[[-73.9849554, 40.750698], [-73.9850345, 40.7507307], [-73.9848841, 40.7509413], [-73.9848049, 40.7509086], [-73.9849554, 40.750698]]]}}, {"type": "Feature", "properties": {"layer": "building", "osm_id": 265301885, "height_m": 16.9, "height_source": "tag:height", "kind": "yes", "name": ""}, "geometry": {"type": "Polygon", "coordinates": [[[-73.9844288, 40.7512812], [-73.9845046, 40.7513131], [-73.9843366, 40.751544], [-73.9842608, 40.7515121], [-73.9844157, 40.7512992], [-73.9844288, 40.7512812]]]}}, {"type": "Feature", "properties": {"layer": "building", "osm_id": 265301886, "height_m": 50.5, "height_source": "tag:height", "kind": "yes", "name": ""}, "geometry": {"type": "Polygon", "coordinates": [[[-73.9840086, 40.7519462], [-73.9841774, 40.7520174], [-73.9840283, 40.7522218], [-73.9838595, 40.7521506], [-73.9840086, 40.7519462]]]}}, {"type": "Feature", "properties": {"layer": "building", "osm_id": 265301888, "height_m": 59.5, "height_source": "tag:height", "kind": "yes", "name": "Bryant Park Place"}, "geometry": {"type": "Polygon", "coordinates": [[[-73.9834264, 40.7526616], [-73.9834464, 40.7526701], [-73.9835033, 40.7525931], [-73.9834824, 40.7525842], [-73.983525, 40.7525266], [-73.9835712, 40.7525463], [-73.9835801, 40.7525344], [-73.9836405, 40.7525602], [-73.9836314, 40.7525726], [-73.9836971, 40.7526006], [-73.9836464, 40.7526692], [-73.9836179, 40.752657], [-73.9835611, 40.7527339], [-73.9835775, 40.7527409], [-73.9835206, 40.752818], [-73.9833606, 40.7527507], [-73.9834264, 40.7526616]]]}}, {"type": "Feature", "properties": {"layer": "building", "osm_id": 265301889, "height_m": 66.9, "height_source": "tag:height", "kind": "hotel", "name": "Marriott Vacation Club, New York City"}, "geometry": {"type": "Polygon", "coordinates": [[[-73.9848814, 40.7513721], [-73.9846719, 40.7512852], [-73.9847057, 40.7512384], [-73.9847268, 40.7512472], [-73.9847792, 40.7511748], [-73.9849687, 40.7512529], [-73.9848814, 40.7513721]]]}}, {"type": "Feature", "properties": {"layer": "building", "osm_id": 265301892, "height_m": 23.2, "height_source": "tag:height", "kind": "yes", "name": ""}, "geometry": {"type": "Polygon", "coordinates": [[[-73.9853159, 40.7500369], [-73.9853825, 40.7500646], [-73.9853677, 40.7500853], [-73.985214, 40.7502985], [-73.9851474, 40.7502707], [-73.9853159, 40.7500369]]]}}, {"type": "Feature", "properties": {"layer": "building", "osm_id": 265301894, "height_m": 14.6, "height_source": "tag:height", "kind": "yes", "name": ""}, "geometry": {"type": "Polygon", "coordinates": [[[-73.9850345, 40.7507307], [-73.9851143, 40.7507636], [-73.9850944, 40.7507916], [-73.9849638, 40.7509743], [-73.9848841, 40.7509413], [-73.9850345, 40.7507307]]]}}, {"type": "Feature", "properties": {"layer": "building", "osm_id": 265301900, "height_m": 44.8, "height_source": "tag:height", "kind": "yes", "name": ""}, "geometry": {"type": "Polygon", "coordinates": [[[-73.985661, 40.7498661], [-73.9858418, 40.7499417], [-73.985688, 40.7501548], [-73.9855071, 40.7500792], [-73.985661, 40.7498661]]]}}, {"type": "Feature", "properties": {"layer": "building", "osm_id": 265301901, "height_m": 45.5, "height_source": "tag:height", "kind": "yes", "name": ""}, "geometry": {"type": "Polygon", "coordinates": [[[-73.9852781, 40.7505177], [-73.9854482, 40.7505879], [-73.9852967, 40.7508], [-73.9851266, 40.7507297], [-73.9852781, 40.7505177]]]}}, {"type": "Feature", "properties": {"layer": "building", "osm_id": 265301903, "height_m": 18.5, "height_source": "tag:height", "kind": "yes", "name": ""}, "geometry": {"type": "Polygon", "coordinates": [[[-73.9844372, 40.7517779], [-73.9845593, 40.7518294], [-73.9844613, 40.7519638], [-73.9844432, 40.7519562], [-73.9843911, 40.7520276], [-73.9842871, 40.7519838], [-73.9844372, 40.7517779]]]}}, {"type": "Feature", "properties": {"layer": "building", "osm_id": 265301905, "height_m": 23.0, "height_source": "tag:height", "kind": "yes", "name": ""}, "geometry": {"type": "Polygon", "coordinates": [[[-73.9853677, 40.7500853], [-73.9854304, 40.7501114], [-73.9852767, 40.7503246], [-73.985214, 40.7502985], [-73.9853677, 40.7500853]]]}}, {"type": "Feature", "properties": {"layer": "building", "osm_id": 265301908, "height_m": 17.6, "height_source": "tag:height", "kind": "yes", "name": ""}, "geometry": {"type": "Polygon", "coordinates": [[[-73.9841979, 40.7519892], [-73.9842706, 40.7520198], [-73.984101, 40.7522525], [-73.9840283, 40.7522218], [-73.9841774, 40.7520174], [-73.9841979, 40.7519892]]]}}, {"type": "Feature", "properties": {"layer": "building", "osm_id": 265301909, "height_m": 23.7, "height_source": "tag:height", "kind": "yes", "name": ""}, "geometry": {"type": "Polygon", "coordinates": [[[-73.9835775, 40.7527409], [-73.9835611, 40.7527339], [-73.9836179, 40.752657], [-73.9836464, 40.7526692], [-73.9836971, 40.7526006], [-73.9837769, 40.7526337], [-73.9837526, 40.7526674], [-73.9837351, 40.7526925], [-73.9837177, 40.7527177], [-73.983712, 40.7527256], [-73.9836428, 40.7528197], [-73.9836312, 40.7528356], [-73.9836206, 40.7528512], [-73.9836183, 40.7528543], [-73.983616, 40.7528577], [-73.9835206, 40.752818], [-73.9835775, 40.7527409]]]}}, {"type": "Feature", "properties": {"layer": "building", "osm_id": 265301912, "height_m": 46.2, "height_source": "tag:height", "kind": "yes", "name": ""}, "geometry": {"type": "Polygon", "coordinates": [[[-73.9849856, 40.7515046], [-73.984854, 40.7514489], [-73.98485, 40.7514156], [-73.9848814, 40.7513721], [-73.9849687, 40.7512529], [-73.9850026, 40.7512069], [-73.9851559, 40.7512717], [-73.9851518, 40.7512773], [-73.9850033, 40.7514804], [-73.9849856, 40.7515046]]]}}, {"type": "Feature", "properties": {"layer": "building", "osm_id": 265301915, "height_m": 18.5, "height_source": "tag:height", "kind": "yes", "name": ""}, "geometry": {"type": "Polygon", "coordinates": [[[-73.9846382, 40.7513696], [-73.9846536, 40.7513691], [-73.9847005, 40.7513889], [-73.9847074, 40.7514011], [-73.9845409, 40.75163], [-73.9844704, 40.7516003], [-73.9846382, 40.7513696]]]}}, {"type": "Feature", "properties": {"layer": "building", "osm_id": 265301916, "height_m": 17.2, "height_source": "tag:height", "kind": "yes", "name": ""}, "geometry": {"type": "Polygon", "coordinates": [[[-73.9842706, 40.7520198], [-73.9843457, 40.7520515], [-73.9843379, 40.752062], [-73.984176, 40.7522841], [-73.984101, 40.7522525], [-73.9842706, 40.7520198]]]}}, {"type": "Feature", "properties": {"layer": "building", "osm_id": 265301919, "height_m": 69.8, "height_source": "tag:height", "kind": "yes", "name": ""}, "geometry": {"type": "Polygon", "coordinates": [[[-73.9851518, 40.7512773], [-73.9853422, 40.7513578], [-73.9851936, 40.7515609], [-73.9850033, 40.7514804], [-73.9851518, 40.7512773]]]}}, {"type": "Feature", "properties": {"layer": "building", "osm_id": 265301922, "height_m": 12.0, "height_source": "estimate:default", "kind": "yes", "name": "The Draper"}, "geometry": {"type": "Polygon", "coordinates": [[[-73.9840025, 40.7502863], [-73.9840676, 40.7503131], [-73.9840624, 40.7503204], [-73.9841336, 40.7503498], [-73.9839639, 40.7505873], [-73.9838277, 40.750531], [-73.9838378, 40.7505169], [-73.9840025, 40.7502863]]]}}, {"type": "Feature", "properties": {"layer": "building", "osm_id": 265301924, "height_m": 22.5, "height_source": "tag:height", "kind": "yes", "name": ""}, "geometry": {"type": "Polygon", "coordinates": [[[-73.9847074, 40.7514011], [-73.9847235, 40.7513993], [-73.9847638, 40.7514163], [-73.9847742, 40.7514313], [-73.9847637, 40.7514457], [-73.9846088, 40.7516586], [-73.9845409, 40.75163], [-73.9847074, 40.7514011]]]}}, {"type": "Feature", "properties": {"layer": "building", "osm_id": 265301926, "height_m": 17.0, "height_source": "tag:height", "kind": "yes", "name": ""}, "geometry": {"type": "Polygon", "coordinates": [[[-73.9843379, 40.752062], [-73.9844121, 40.7520933], [-73.9842502, 40.7523154], [-73.984176, 40.7522841], [-73.9843379, 40.752062]]]}}, {"type": "Feature", "properties": {"layer": "building", "osm_id": 265301927, "height_m": 12.0, "height_source": "estimate:default", "kind": "yes", "name": ""}, "geometry": {"type": "Polygon", "coordinates": [[[-73.9833939, 40.7511471], [-73.9833655, 40.7511346], [-73.9833326, 40.7511202], [-73.9832309, 40.7510773], [-73.9831369, 40.7510377], [-73.9830368, 40.7509956], [-73.9829363, 40.750954], [-73.9829895, 40.7508812], [-73.9830115, 40.7508509], [-73.9830623, 40.7507814], [-73.9830841, 40.7507515], [-73.983134, 40.750683], [-73.9831554, 40.7506538], [-73.9832028, 40.7505888], [-73.9832263, 40.7505566], [-73.9832746, 40.7504904], [-73.9833848, 40.750537], [-73.9834422, 40.7505612], [-73.9834066, 40.75061], [-73.9834234, 40.7506171], [-73.9834061, 40.7506409], [-73.9834351, 40.7506521], [-73.9834183, 40.7506752], [-73.9836189, 40.7507588], [-73.9836012, 40.7507831], [-73.9835904, 40.7507981], [-73.9836349, 40.7508169], [-73.9835682, 40.7509083], [-73.9834216, 40.751111], [-73.9833939, 40.7511471]]]}}, {"type": "Feature", "properties": {"layer": "building", "osm_id": 265301930, "height_m": 15.0, "height_source": "tag:height", "kind": "yes", "name": ""}, "geometry": {"type": "Polygon", "coordinates": [[[-73.9858418, 40.7499417], [-73.9859013, 40.7499665], [-73.9858438, 40.750046], [-73.9858005, 40.750106], [-73.9857301, 40.7502035], [-73.9857256, 40.7502098], [-73.9856661, 40.750185], [-73.985688, 40.7501548], [-73.9858418, 40.7499417]]]}}, {"type": "Feature", "properties": {"layer": "building", "osm_id": 265301931, "height_m": 13.9, "height_source": "tag:height", "kind": "yes", "name": ""}, "geometry": {"type": "Polygon", "coordinates": [[[-73.9854482, 40.7505879], [-73.9855116, 40.7506141], [-73.9853601, 40.7508262], [-73.9852967, 40.7508], [-73.9854482, 40.7505879]]]}}, {"type": "Feature", "properties": {"layer": "building", "osm_id": 265301939, "height_m": 45.3, "height_source": "tag:height", "kind": "yes", "name": "The Kixby"}, "geometry": {"type": "Polygon", "coordinates": [[[-73.9858005, 40.750106], [-73.9858929, 40.7501446], [-73.9859362, 40.7500846], [-73.9858438, 40.750046], [-73.9859013, 40.7499665], [-73.9861724, 40.7500798], [-73.986115, 40.7501593], [-73.9860428, 40.7501291], [-73.9859999, 40.7501885], [-73.9860721, 40.7502187], [-73.9860185, 40.7502928], [-73.9858024, 40.7502026], [-73.9857852, 40.7502265], [-73.9857301, 40.7502035], [-73.9858005, 40.750106]]]}}, {"type": "Feature", "properties": {"layer": "building", "osm_id": 265301941, "height_m": 17.5, "height_source": "tag:height", "kind": "yes", "name": ""}, "geometry": {"type": "Polygon", "coordinates": [[[-73.9842379, 40.7528116], [-73.9842486, 40.7528161], [-73.9842657, 40.7527931], [-73.9844229, 40.7525766], [-73.9844914, 40.7526057], [-73.9843027, 40.7528658], [-73.9842229, 40.7528323], [-73.9842379, 40.7528116]]]}}, {"type": "Feature", "properties": {"layer": "building", "osm_id": 265301944, "height_m": 37.3, "height_source": "tag:height", "kind": "yes", "name": ""}, "geometry": {"type": "Polygon", "coordinates": [[[-73.9826173, 40.7514992], [-73.9826352, 40.7514747], [-73.9828912, 40.7515827], [-73.9828012, 40.7517062], [-73.9824803, 40.7515709], [-73.9824941, 40.751552], [-73.9825525, 40.7514719], [-73.9826173, 40.7514992]]]}}, {"type": "Feature", "properties": {"layer": "building", "osm_id": 265301952, "height_m": 13.4, "height_source": "tag:height", "kind": "yes", "name": ""}, "geometry": {"type": "Polygon", "coordinates": [[[-73.9853422, 40.7513578], [-73.985403, 40.7513835], [-73.9852545, 40.7515867], [-73.9851936, 40.7515609], [-73.9853422, 40.7513578]]]}}, {"type": "Feature", "properties": {"layer": "building", "osm_id": 265301954, "height_m": 16.1, "height_source": "tag:height", "kind": "yes", "name": ""}, "geometry": {"type": "Polygon", "coordinates": [[[-73.9856397, 40.7501901], [-73.9856921, 40.750212], [-73.9856647, 40.7502518], [-73.9855679, 40.7503843], [-73.9855337, 40.7504317], [-73.9854813, 40.7504099], [-73.9856397, 40.7501901]]]}}, {"type": "Feature", "properties": {"layer": "building", "osm_id": 265301955, "height_m": 12.0, "height_source": "estimate:default", "kind": "yes", "name": ""}, "geometry": {"type": "Polygon", "coordinates": [[[-73.985404, 40.7509104], [-73.9855245, 40.75096], [-73.9853774, 40.751165], [-73.9853551, 40.7511961], [-73.9852347, 40.7511465], [-73.9852567, 40.7511158], [-73.985404, 40.7509104]]]}}, {"type": "Feature", "properties": {"layer": "building", "osm_id": 265301956, "height_m": 15.6, "height_source": "tag:height", "kind": "yes", "name": ""}, "geometry": {"type": "Polygon", "coordinates": [[[-73.9854054, 40.7513804], [-73.985474, 40.7514094], [-73.9853231, 40.7516157], [-73.9853115, 40.7516108], [-73.9852951, 40.7516332], [-73.9852381, 40.7516091], [-73.9852545, 40.7515867], [-73.985403, 40.7513835], [-73.9854054, 40.7513804]]]}}, {"type": "Feature", "properties": {"layer": "building", "osm_id": 265301958, "height_m": 5.7, "height_source": "tag:height", "kind": "yes", "name": ""}, "geometry": {"type": "Polygon", "coordinates": [[[-73.9845621, 40.7526354], [-73.9846309, 40.7526644], [-73.9844706, 40.7528853], [-73.9844021, 40.7528559], [-73.9845621, 40.7526354]]]}}, {"type": "Feature", "properties": {"layer": "building", "osm_id": 265301959, "height_m": 46.9, "height_source": "tag:height", "kind": "yes", "name": ""}, "geometry": {"type": "Polygon", "coordinates": [[[-73.9848988, 40.7516111], [-73.98491, 40.7516158], [-73.9849364, 40.7515795], [-73.9849235, 40.7515741], [-73.9849563, 40.751529], [-73.9852912, 40.7516699], [-73.9851376, 40.7518811], [-73.9848044, 40.7517409], [-73.9848988, 40.7516111]]]}}, {"type": "Feature", "properties": {"layer": "building", "osm_id": 265301960, "height_m": 66.2, "height_source": "tag:height", "kind": "yes", "name": ""}, "geometry": {"type": "Polygon", "coordinates": [[[-73.9848782, 40.7519639], [-73.9850435, 40.7520335], [-73.9850387, 40.7520401], [-73.9848904, 40.7522435], [-73.9847477, 40.7521833], [-73.9847817, 40.7521368], [-73.9847584, 40.7521269], [-73.9848782, 40.7519639]]]}}, {"type": "Feature", "properties": {"layer": "building", "osm_id": 265301962, "height_m": 17.7, "height_source": "tag:height", "kind": "yes", "name": ""}, "geometry": {"type": "Polygon", "coordinates": [[[-73.9846309, 40.7526644], [-73.9847051, 40.7526956], [-73.9845165, 40.7529555], [-73.9844423, 40.7529243], [-73.9844706, 40.7528853], [-73.9846309, 40.7526644]]]}}, {"type": "Feature", "properties": {"layer": "building", "osm_id": 265301964, "height_m": 46.3, "height_source": "tag:height", "kind": "yes", "name": ""}, "geometry": {"type": "Polygon", "coordinates": [[[-73.9837495, 40.7509439], [-73.9838982, 40.7507401], [-73.9841312, 40.7508384], [-73.9840124, 40.7510012], [-73.9839825, 40.7510422], [-73.9839029, 40.7510086], [-73.9837495, 40.7509439]]]}}, {"type": "Feature", "properties": {"layer": "building", "osm_id": 265301968, "height_m": 60.9, "height_source": "tag:height", "kind": "yes", "name": ""}, "geometry": {"type": "Polygon", "coordinates": [[[-73.9845165, 40.7529555], [-73.9847051, 40.7526956], [-73.9849725, 40.7528081], [-73.9849653, 40.752818], [-73.9849581, 40.7528279], [-73.9849509, 40.7528378], [-73.9849437, 40.7528478], [-73.984936, 40.7528584], [-73.9848006, 40.753045], [-73.984784, 40.7530678], [-73.9846133, 40.7529961], [-73.9845165, 40.7529555]]]}}, {"type": "Feature", "properties": {"layer": "building", "osm_id": 265301969, "height_m": 18.1, "height_source": "tag:height", "kind": "yes", "name": ""}, "geometry": {"type": "Polygon", "coordinates": [[[-73.9847271, 40.7522076], [-73.9847939, 40.7522357], [-73.9846216, 40.752472], [-73.9845548, 40.7524438], [-73.9847153, 40.7522238], [-73.9847271, 40.7522076]]]}}, {"type": "Feature", "properties": {"layer": "building", "osm_id": 265301972, "height_m": 45.1, "height_source": "tag:height", "kind": "yes", "name": ""}, "geometry": {"type": "Polygon", "coordinates": [[[-73.98583, 40.7507456], [-73.9860154, 40.7508222], [-73.9858639, 40.7510343], [-73.9856785, 40.7509577], [-73.98583, 40.7507456]]]}}, {"type": "Feature", "properties": {"layer": "building", "osm_id": 265301973, "height_m": 62.2, "height_source": "tag:height", "kind": "yes", "name": ""}, "geometry": {"type": "Polygon", "coordinates": [[[-73.9848004, 40.7522267], [-73.9849176, 40.7522762], [-73.9847388, 40.7525214], [-73.9846216, 40.752472], [-73.9847939, 40.7522357], [-73.9848004, 40.7522267]]]}}, {"type": "Feature", "properties": {"layer": "building", "osm_id": 265301975, "height_m": 47.7, "height_source": "tag:height", "kind": "yes", "name": ""}, "geometry": {"type": "Polygon", "coordinates": [[[-73.9842229, 40.7528323], [-73.9843027, 40.7528658], [-73.9843734, 40.7528954], [-73.9843882, 40.7529017], [-73.9842318, 40.7531171], [-73.9840666, 40.7530477], [-73.9840689, 40.7530446], [-73.9840712, 40.7530412], [-73.9840927, 40.7530116], [-73.984094, 40.7530097], [-73.9842229, 40.7528323]]]}}, {"type": "Feature", "properties": {"layer": "building", "osm_id": 265301976, "height_m": 17.0, "height_source": "tag:height", "kind": "yes", "name": ""}, "geometry": {"type": "Polygon", "coordinates": [[[-73.9850387, 40.7520401], [-73.985097, 40.7520647], [-73.9849487, 40.7522681], [-73.9848904, 40.7522435], [-73.9850387, 40.7520401]]]}}, {"type": "Feature", "properties": {"layer": "building", "osm_id": 265301979, "height_m": 18.8, "height_source": "tag:height", "kind": "yes", "name": ""}, "geometry": {"type": "Polygon", "coordinates": [[[-73.9849176, 40.7522762], [-73.9849761, 40.7523008], [-73.9849499, 40.7523367], [-73.9847973, 40.7525461], [-73.9847388, 40.7525214], [-73.9849176, 40.7522762]]]}}, {"type": "Feature", "properties": {"layer": "building", "osm_id": 265301981, "height_m": 49.6, "height_source": "tag:height", "kind": "yes", "name": ""}, "geometry": {"type": "Polygon", "coordinates": [[[-73.985109, 40.7520483], [-73.9852739, 40.7521179], [-73.9852664, 40.7521281], [-73.9851136, 40.7523376], [-73.9849487, 40.7522681], [-73.985097, 40.7520647], [-73.985109, 40.7520483]]]}}, {"type": "Feature", "properties": {"layer": "building", "osm_id": 265301982, "height_m": 17.0, "height_source": "tag:height", "kind": "yes", "name": ""}, "geometry": {"type": "Polygon", "coordinates": [[[-73.9859947, 40.7503209], [-73.9860626, 40.7503492], [-73.9860265, 40.7503993], [-73.9859439, 40.7505138], [-73.985924, 40.7505414], [-73.9858979, 40.7505776], [-73.98583, 40.7505493], [-73.985855, 40.750515], [-73.9858676, 40.7504976], [-73.9859565, 40.7503752], [-73.9859947, 40.7503209]]]}}, {"type": "Feature", "properties": {"layer": "building", "osm_id": 265301984, "height_m": 7.7, "height_source": "tag:height", "kind": "yes", "name": ""}, "geometry": {"type": "Polygon", "coordinates": [[[-73.9852912, 40.7516699], [-73.9853502, 40.7516947], [-73.9851966, 40.7519059], [-73.9851376, 40.7518811], [-73.9852912, 40.7516699]]]}}, {"type": "Feature", "properties": {"layer": "building", "osm_id": 265301986, "height_m": 18.0, "height_source": "tag:height", "kind": "yes", "name": ""}, "geometry": {"type": "Polygon", "coordinates": [[[-73.9849499, 40.7523367], [-73.9850756, 40.7523897], [-73.984923, 40.7525991], [-73.9847973, 40.7525461], [-73.9849499, 40.7523367]]]}}, {"type": "Feature", "properties": {"layer": "building", "osm_id": 265301988, "height_m": 10.2, "height_source": "tag:height", "kind": "yes", "name": ""}, "geometry": {"type": "Polygon", "coordinates": [[[-73.9857973, 40.7515461], [-73.9858753, 40.7515791], [-73.985704, 40.7518133], [-73.985626, 40.7517804], [-73.9856464, 40.7517524], [-73.9857973, 40.7515461]]]}}, {"type": "Feature", "properties": {"layer": "building", "osm_id": 265301991, "height_m": 16.4, "height_source": "tag:height", "kind": "yes", "name": ""}, "geometry": {"type": "Polygon", "coordinates": [[[-73.9853502, 40.7516947], [-73.9854156, 40.7517222], [-73.985262, 40.7519334], [-73.9851966, 40.7519059], [-73.9853502, 40.7516947]]]}}, {"type": "Feature", "properties": {"layer": "building", "osm_id": 265301993, "height_m": 16.6, "height_source": "tag:height", "kind": "yes", "name": ""}, "geometry": {"type": "Polygon", "coordinates": [[[-73.9858753, 40.7515791], [-73.9859439, 40.7516081], [-73.9858515, 40.7517345], [-73.9858456, 40.7517425], [-73.9858087, 40.7517929], [-73.9857726, 40.7518424], [-73.985704, 40.7518133], [-73.9858753, 40.7515791]]]}}, {"type": "Feature", "properties": {"layer": "building", "osm_id": 265301995, "height_m": 124.0, "height_source": "tag:height", "kind": "hotel", "name": "Embassy Suites by Hilton"}, "geometry": {"type": "Polygon", "coordinates": [[[-73.9858919, 40.7510735], [-73.986004, 40.7511192], [-73.9859797, 40.7511533], [-73.9860578, 40.7511851], [-73.986023, 40.7512341], [-73.9859393, 40.751352], [-73.9857491, 40.7512745], [-73.9858919, 40.7510735]]]}}, {"type": "Feature", "properties": {"layer": "building", "osm_id": 265302002, "height_m": 18.3, "height_source": "tag:height", "kind": "yes", "name": ""}, "geometry": {"type": "Polygon", "coordinates": [[[-73.9859439, 40.7516081], [-73.9860101, 40.7516361], [-73.9859225, 40.7517559], [-73.9859176, 40.7517625], [-73.9858515, 40.7517345], [-73.9859439, 40.7516081]]]}}, {"type": "Feature", "properties": {"layer": "building", "osm_id": 265302004, "height_m": 65.4, "height_source": "tag:height", "kind": "yes", "name": ""}, "geometry": {"type": "Polygon", "coordinates": [[[-73.9843882, 40.7529017], [-73.9844423, 40.7529243], [-73.9845165, 40.7529555], [-73.9846133, 40.7529961], [-73.9844568, 40.7532118], [-73.9842318, 40.7531171], [-73.9843882, 40.7529017]]]}}, {"type": "Feature", "properties": {"layer": "building", "osm_id": 265302011, "height_m": 18.1, "height_source": "tag:height", "kind": "yes", "name": ""}, "geometry": {"type": "Polygon", "coordinates": [[[-73.9852161, 40.7524584], [-73.9852234, 40.7524615], [-73.9852843, 40.7524871], [-73.985141, 40.7526836], [-73.9850729, 40.7526549], [-73.9852048, 40.752474], [-73.9852161, 40.7524584]]]}}, {"type": "Feature", "properties": {"layer": "building", "osm_id": 265302016, "height_m": 18.4, "height_source": "tag:height", "kind": "yes", "name": ""}, "geometry": {"type": "Polygon", "coordinates": [[[-73.9852843, 40.7524871], [-73.9853473, 40.7525137], [-73.9853104, 40.7525643], [-73.9852041, 40.7527102], [-73.985141, 40.7526836], [-73.9852843, 40.7524871]]]}}, {"type": "Feature", "properties": {"layer": "building", "osm_id": 265302020, "height_m": 58.0, "height_source": "tag:height", "kind": "yes", "name": ""}, "geometry": {"type": "Polygon", "coordinates": [[[-73.9842815, 40.7500893], [-73.9844359, 40.7501608], [-73.9842862, 40.7503709], [-73.9842685, 40.7503965], [-73.9841091, 40.7503307], [-73.9841527, 40.7502697], [-73.9842815, 40.7500893]]]}}, {"type": "Feature", "properties": {"layer": "building", "osm_id": 265302028, "height_m": 66.2, "height_source": "tag:height", "kind": "yes", "name": ""}, "geometry": {"type": "Polygon", "coordinates": [[[-73.9846133, 40.7529961], [-73.984784, 40.7530678], [-73.9847306, 40.7531414], [-73.9846274, 40.7532835], [-73.9844568, 40.7532118], [-73.9846133, 40.7529961]]]}}, {"type": "Feature", "properties": {"layer": "building", "osm_id": 265302040, "height_m": 36.6, "height_source": "tag:height", "kind": "yes", "name": ""}, "geometry": {"type": "Polygon", "coordinates": [[[-73.9841336, 40.7503498], [-73.984264, 40.7504036], [-73.9840943, 40.7506412], [-73.9839639, 40.7505873], [-73.9841336, 40.7503498]]]}}, {"type": "Feature", "properties": {"layer": "building", "osm_id": 265302042, "height_m": 47.0, "height_source": "tag:height", "kind": "yes", "name": ""}, "geometry": {"type": "Polygon", "coordinates": [[[-73.9835682, 40.7509083], [-73.9837267, 40.7509752], [-73.9837495, 40.7509439], [-73.9839029, 40.7510086], [-73.983861, 40.7510661], [-73.9837106, 40.7512721], [-73.9837058, 40.7512788], [-73.9836657, 40.7512619], [-73.9833939, 40.7511471], [-73.9834216, 40.751111], [-73.9835682, 40.7509083]]]}}, {"type": "Feature", "properties": {"layer": "building", "osm_id": 265302043, "height_m": 88.7, "height_source": "tag:height", "kind": "yes", "name": ""}, "geometry": {"type": "Polygon", "coordinates": [[[-73.9826459, 40.752176], [-73.9828469, 40.7522596], [-73.9826951, 40.7524708], [-73.9824946, 40.7523864], [-73.9826459, 40.752176]]]}}, {"type": "Feature", "properties": {"layer": "building", "osm_id": 265302050, "height_m": 17.9, "height_source": "tag:height", "kind": "yes", "name": ""}, "geometry": {"type": "Polygon", "coordinates": [[[-73.9844914, 40.7526057], [-73.9845621, 40.7526354], [-73.9844021, 40.7528559], [-73.9843734, 40.7528954], [-73.9843027, 40.7528658], [-73.9844914, 40.7526057]]]}}, {"type": "Feature", "properties": {"layer": "building", "osm_id": 265302060, "height_m": 11.5, "height_source": "tag:height", "kind": "parking", "name": ""}, "geometry": {"type": "Polygon", "coordinates": [[[-73.9848095, 40.7495117], [-73.9848594, 40.7495325], [-73.9849655, 40.7495767], [-73.9851821, 40.749667], [-73.985177, 40.749674], [-73.9850106, 40.749905], [-73.9849562, 40.7498823], [-73.9847947, 40.749815], [-73.9846278, 40.7500467], [-73.9845198, 40.7500017], [-73.984471, 40.7499814], [-73.9846233, 40.74977], [-73.9847041, 40.7496579], [-73.9848095, 40.7495117]]]}}, {"type": "Feature", "properties": {"layer": "building", "osm_id": 265302061, "height_m": 13.0, "height_source": "tag:height", "kind": "yes", "name": ""}, "geometry": {"type": "Polygon", "coordinates": [[[-73.9842657, 40.7527931], [-73.9842486, 40.7528161], [-73.9842379, 40.7528116], [-73.9842229, 40.7528323], [-73.984094, 40.7530097], [-73.9840927, 40.7530116], [-73.9840712, 40.7530412], [-73.9840689, 40.7530446], [-73.9840666, 40.7530477], [-73.9838064, 40.752938], [-73.9837057, 40.7528955], [-73.983616, 40.7528577], [-73.9836183, 40.7528543], [-73.9836206, 40.7528512], [-73.9836312, 40.7528356], [-73.9836404, 40.7528596], [-73.9837929, 40.7529238], [-73.9838221, 40.7529153], [-73.9838321, 40.752902], [-73.9838335, 40.7529001], [-73.983902, 40.7528054], [-73.9839079, 40.7527975], [-73.9839259, 40.7527726], [-73.9839438, 40.7527487], [-73.9841656, 40.7528418], [-73.984216, 40.7527724], [-73.9842657, 40.7527931]]]}}, {"type": "Feature", "properties": {"layer": "building", "osm_id": 265302071, "height_m": 61.4, "height_source": "tag:height", "kind": "yes", "name": ""}, "geometry": {"type": "Polygon", "coordinates": [[[-73.9828912, 40.7515827], [-73.9826352, 40.7514747], [-73.9826173, 40.7514992], [-73.9825525, 40.7514719], [-73.9825344, 40.7514643], [-73.9825617, 40.7514269], [-73.9826692, 40.7512794], [-73.9827752, 40.751134], [-73.9827958, 40.7511058], [-73.9828639, 40.7510906], [-73.9836353, 40.7514153], [-73.9836622, 40.7514273], [-73.9836491, 40.7514453], [-73.9834941, 40.7516578], [-73.9834477, 40.7517215], [-73.9833052, 40.7519169], [-73.9833033, 40.7519195], [-73.9828012, 40.7517062], [-73.9828912, 40.7515827]]]}}, {"type": "Feature", "properties": {"layer": "building", "osm_id": 265302072, "height_m": 46.0, "height_source": "tag:height", "kind": "yes", "name": ""}, "geometry": {"type": "Polygon", "coordinates": [[[-73.9852664, 40.7521281], [-73.9854622, 40.7522107], [-73.9853806, 40.7523226], [-73.9853442, 40.7523726], [-73.9853078, 40.7524224], [-73.985265, 40.7524043], [-73.9852183, 40.7523846], [-73.9851653, 40.7524573], [-73.9852048, 40.752474], [-73.9850729, 40.7526549], [-73.9850687, 40.7526606], [-73.984923, 40.7525991], [-73.9850756, 40.7523897], [-73.9851136, 40.7523376], [-73.9852664, 40.7521281]]]}}, {"type": "Feature", "properties": {"layer": "building", "osm_id": 265302076, "height_m": 12.0, "height_source": "estimate:default", "kind": "library", "name": "Stephen A. Schwarzman Building"}, "geometry": {"type": "Polygon", "coordinates": [[[-73.9819696, 40.7536841], [-73.9819656, 40.7536896], [-73.9819051, 40.7536644], [-73.9818442, 40.7536392], [-73.9818482, 40.7536337], [-73.9815082, 40.7534906], [-73.9817211, 40.7531984], [-73.9817606, 40.7531446], [-73.9816942, 40.7531158], [-73.9818541, 40.7528973], [-73.9819179, 40.7529241], [-73.9819668, 40.752858], [-73.982157, 40.7525994], [-73.9825202, 40.7527526], [-73.9826105, 40.7527907], [-73.9829827, 40.752948], [-73.9829495, 40.7529913], [-73.9829481, 40.752993], [-73.9829564, 40.7529964], [-73.9828968, 40.753078], [-73.9828865, 40.7530737], [-73.9824544, 40.7536694], [-73.9824614, 40.7536727], [-73.9824021, 40.7537539], [-73.9823952, 40.7537509], [-73.9823919, 40.7537554], [-73.9823315, 40.7538369], [-73.9819696, 40.7536841]]]}}, {"type": "Feature", "properties": {"layer": "building", "osm_id": 265302078, "height_m": 47.4, "height_source": "tag:height", "kind": "yes", "name": ""}, "geometry": {"type": "Polygon", "coordinates": [[[-73.9855116, 40.7506141], [-73.98583, 40.7507456], [-73.9856785, 40.7509577], [-73.9853601, 40.7508262], [-73.9855116, 40.7506141]]]}}, {"type": "Feature", "properties": {"layer": "building", "osm_id": 265302083, "height_m": 61.7, "height_source": "tag:height", "kind": "yes", "name": ""}, "geometry": {"type": "Polygon", "coordinates": [[[-73.9842109, 40.750872], [-73.984505, 40.7509961], [-73.9843489, 40.751209], [-73.9840554, 40.7510852], [-73.9842109, 40.750872]]]}}, {"type": "Feature", "properties": {"layer": "building", "osm_id": 265302086, "height_m": 23.2, "height_source": "tag:height", "kind": "yes", "name": ""}, "geometry": {"type": "Polygon", "coordinates": [[[-73.9854156, 40.7517222], [-73.9855464, 40.7517773], [-73.9855085, 40.751829], [-73.9854236, 40.7519448], [-73.9853927, 40.7519884], [-73.985262, 40.7519334], [-73.9854156, 40.7517222]]]}}, {"type": "Feature", "properties": {"layer": "building", "osm_id": 265302087, "height_m": 52.2, "height_source": "tag:height", "kind": "yes", "name": ""}, "geometry": {"type": "Polygon", "coordinates": [[[-73.9847306, 40.7531414], [-73.9850438, 40.7532728], [-73.9849403, 40.7534151], [-73.9846274, 40.7532835], [-73.9847306, 40.7531414]]]}}, {"type": "Feature", "properties": {"layer": "building", "osm_id": 265302089, "height_m": 46.4, "height_source": "tag:height", "kind": "yes", "name": ""}, "geometry": {"type": "Polygon", "coordinates": [[[-73.9840163, 40.7511462], [-73.9841705, 40.7512111], [-73.984024, 40.7514125], [-73.9838697, 40.7513476], [-73.9840163, 40.7511462]]]}}, {"type": "Feature", "properties": {"layer": "building", "osm_id": 265302090, "height_m": 12.0, "height_source": "estimate:default", "kind": "yes", "name": "Millinery Building"}, "geometry": {"type": "Polygon", "coordinates": [[[-73.9849725, 40.7528081], [-73.9852855, 40.7529397], [-73.9851138, 40.7531764], [-73.9850991, 40.7531702], [-73.9850844, 40.7531641], [-73.9850697, 40.7531579], [-73.985055, 40.7531517], [-73.9850365, 40.7531432], [-73.9849896, 40.7531237], [-73.9848522, 40.7530665], [-73.9848006, 40.753045], [-73.984936, 40.7528584], [-73.9849437, 40.7528478], [-73.9849509, 40.7528378], [-73.9849581, 40.7528279], [-73.9849653, 40.752818], [-73.9849725, 40.7528081]]]}}, {"type": "Feature", "properties": {"layer": "building", "osm_id": 265302091, "height_m": 64.2, "height_source": "tag:height", "kind": "yes", "name": ""}, "geometry": {"type": "Polygon", "coordinates": [[[-73.985474, 40.7514094], [-73.9857973, 40.7515461], [-73.9856464, 40.7517524], [-73.9853231, 40.7516157], [-73.985474, 40.7514094]]]}}, {"type": "Feature", "properties": {"layer": "building", "osm_id": 265302098, "height_m": 26.6, "height_source": "tag:height", "kind": "yes", "name": ""}, "geometry": {"type": "Polygon", "coordinates": [[[-73.984216, 40.7527724], [-73.9841266, 40.7527352], [-73.9842838, 40.7525187], [-73.9844229, 40.7525766], [-73.9842657, 40.7527931], [-73.984216, 40.7527724]]]}}, {"type": "Feature", "properties": {"layer": "building", "osm_id": 265302101, "height_m": 49.3, "height_source": "tag:height", "kind": "yes", "name": ""}, "geometry": {"type": "Polygon", "coordinates": [[[-73.9850944, 40.7507916], [-73.9852557, 40.7508582], [-73.9851105, 40.7510616], [-73.9849491, 40.750995], [-73.9849638, 40.7509743], [-73.9850944, 40.7507916]]]}}, {"type": "Feature", "properties": {"layer": "building", "osm_id": 265302103, "height_m": 43.4, "height_source": "tag:height", "kind": "yes", "name": ""}, "geometry": {"type": "Polygon", "coordinates": [[[-73.9841266, 40.7527352], [-73.9840008, 40.7526819], [-73.9841362, 40.7524953], [-73.9841839, 40.7524764], [-73.9842838, 40.7525187], [-73.9841266, 40.7527352]]]}}, {"type": "Feature", "properties": {"layer": "building", "osm_id": 265302111, "height_m": 20.5, "height_source": "tag:height", "kind": "yes", "name": ""}, "geometry": {"type": "Polygon", "coordinates": [[[-73.9853104, 40.7525643], [-73.9855001, 40.7526442], [-73.9853899, 40.7527954], [-73.9852002, 40.7527154], [-73.9852041, 40.7527102], [-73.9853104, 40.7525643]]]}}, {"type": "Feature", "properties": {"layer": "building", "osm_id": 265302116, "height_m": 49.0, "height_source": "tag:height", "kind": "yes", "name": ""}, "geometry": {"type": "Polygon", "coordinates": [[[-73.9845593, 40.7518294], [-73.9846868, 40.7518832], [-73.9845328, 40.7520927], [-73.9844062, 40.7520394], [-73.9844613, 40.7519638], [-73.9845593, 40.7518294]]]}}, {"type": "Feature", "properties": {"layer": "building", "osm_id": 265302122, "height_m": 16.0, "height_source": "tag:height", "kind": "yes", "name": "PrimeXchange"}, "geometry": {"type": "Polygon", "coordinates": [[[-73.9859409, 40.7517636], [-73.9859225, 40.7517559], [-73.9860101, 40.7516361], [-73.986184, 40.7517097], [-73.9860858, 40.7518441], [-73.9859302, 40.7517783], [-73.9859409, 40.7517636]]]}}, {"type": "Feature", "properties": {"layer": "building", "osm_id": 265302141, "height_m": 71.3, "height_source": "tag:height", "kind": "yes", "name": ""}, "geometry": {"type": "Polygon", "coordinates": [[[-73.9855245, 40.75096], [-73.9858279, 40.7510847], [-73.9858591, 40.7510976], [-73.9857351, 40.7512708], [-73.9857121, 40.7513033], [-73.9853774, 40.751165], [-73.9855245, 40.75096]]]}}, {"type": "Feature", "properties": {"layer": "building", "osm_id": 265302149, "height_m": 51.9, "height_source": "tag:height", "kind": "yes", "name": ""}, "geometry": {"type": "Polygon", "coordinates": [[[-73.9852612, 40.7508506], [-73.985404, 40.7509104], [-73.9852567, 40.7511158], [-73.9852528, 40.7511204], [-73.9851105, 40.7510616], [-73.9852557, 40.7508582], [-73.9852612, 40.7508506]]]}}, {"type": "Feature", "properties": {"layer": "building", "osm_id": 265302157, "height_m": 46.3, "height_source": "tag:height", "kind": "yes", "name": ""}, "geometry": {"type": "Polygon", "coordinates": [[[-73.9847637, 40.7514457], [-73.9849394, 40.7515196], [-73.9848882, 40.7515899], [-73.9849082, 40.7515983], [-73.9848988, 40.7516111], [-73.9848044, 40.7517409], [-73.9846088, 40.7516586], [-73.9847637, 40.7514457]]]}}, {"type": "Feature", "properties": {"layer": "building", "osm_id": 265302158, "height_m": 76.4, "height_source": "tag:height", "kind": "yes", "name": ""}, "geometry": {"type": "Polygon", "coordinates": [[[-73.9844204, 40.7520819], [-73.9846657, 40.7521853], [-73.9846559, 40.7521988], [-73.9847153, 40.7522238], [-73.9845548, 40.7524438], [-73.9842502, 40.7523154], [-73.9844121, 40.7520933], [-73.9844204, 40.7520819]]]}}, {"type": "Feature", "properties": {"layer": "building", "osm_id": 265302163, "height_m": 65.0, "height_source": "tag:height", "kind": "yes", "name": ""}, "geometry": {"type": "Polygon", "coordinates": [[[-73.9842356, 40.7516904], [-73.9842589, 40.7517002], [-73.9844219, 40.751769], [-73.9844386, 40.751776], [-73.9844372, 40.7517779], [-73.9842871, 40.7519838], [-73.984282, 40.7519909], [-73.9840789, 40.7519053], [-73.9840935, 40.7518852], [-73.9842048, 40.7517326], [-73.9842356, 40.7516904]]]}}, {"type": "Feature", "properties": {"layer": "building", "osm_id": 265302164, "height_m": 70.9, "height_source": "tag:height", "kind": "yes", "name": "Archer Hotel"}, "geometry": {"type": "Polygon", "coordinates": [[[-73.9847076, 40.7521961], [-73.9845162, 40.7521154], [-73.9845328, 40.7520927], [-73.9846868, 40.7518832], [-73.9848782, 40.7519639], [-73.9847584, 40.7521269], [-73.9847076, 40.7521961]]]}}, {"type": "Feature", "properties": {"layer": "building", "osm_id": 265302177, "height_m": 13.0, "height_source": "tag:height", "kind": "apartments", "name": "The Vogue"}, "geometry": {"type": "Polygon", "coordinates": [[[-73.9860578, 40.7511851], [-73.9860789, 40.751191], [-73.9861117, 40.751145], [-73.9861674, 40.751168], [-73.9863182, 40.7509568], [-73.9866089, 40.7510769], [-73.9862722, 40.7515483], [-73.9859091, 40.7513983], [-73.9859166, 40.7513878], [-73.9859393, 40.751352], [-73.986023, 40.7512341], [-73.9860578, 40.7511851]]]}}, {"type": "Feature", "properties": {"layer": "building", "osm_id": 265424275, "height_m": 86.9, "height_source": "tag:height", "kind": "hotel", "name": "Courtyard New York Manhattan/Fifth Avenue"}, "geometry": {"type": "Polygon", "coordinates": [[[-73.9810357, 40.7520073], [-73.9810708, 40.7520218], [-73.9810805, 40.7520081], [-73.9811713, 40.7520456], [-73.9811618, 40.752059], [-73.9811989, 40.7520743], [-73.9811542, 40.7521369], [-73.9811167, 40.7521895], [-73.9809536, 40.7521223], [-73.9810357, 40.7520073]]]}}, {"type": "Feature", "properties": {"layer": "building", "osm_id": 265424278, "height_m": 46.3, "height_source": "tag:height", "kind": "yes", "name": ""}, "geometry": {"type": "Polygon", "coordinates": [[[-73.9819967, 40.750257], [-73.9821589, 40.7503253], [-73.9819936, 40.750552], [-73.9818314, 40.7504837], [-73.9819735, 40.7502887], [-73.9819967, 40.750257]]]}}, {"type": "Feature", "properties": {"layer": "building", "osm_id": 265424279, "height_m": 28.5, "height_source": "tag:height", "kind": "yes", "name": ""}, "geometry": {"type": "Polygon", "coordinates": [[[-73.9821139, 40.7499892], [-73.9821917, 40.7500222], [-73.9820526, 40.7502124], [-73.9820426, 40.7502264], [-73.9819649, 40.7501936], [-73.9821139, 40.7499892]]]}}, {"type": "Feature", "properties": {"layer": "building", "osm_id": 265424282, "height_m": 52.4, "height_source": "tag:height", "kind": "yes", "name": ""}, "geometry": {"type": "Polygon", "coordinates": [[[-73.9818149, 40.7502219], [-73.9819735, 40.7502887], [-73.9818314, 40.7504837], [-73.9816728, 40.7504168], [-73.9816822, 40.750404], [-73.9817954, 40.7502486], [-73.9818149, 40.7502219]]]}}, {"type": "Feature", "properties": {"layer": "building", "osm_id": 265424283, "height_m": 13.1, "height_source": "tag:height", "kind": "yes", "name": ""}, "geometry": {"type": "Polygon", "coordinates": [[[-73.9815848, 40.7508198], [-73.981669, 40.7508551], [-73.9814635, 40.7511388], [-73.9813793, 40.7511035], [-73.9815848, 40.7508198]]]}}, {"type": "Feature", "properties": {"layer": "building", "osm_id": 265424291, "height_m": 18.6, "height_source": "tag:height", "kind": "yes", "name": ""}, "geometry": {"type": "Polygon", "coordinates": [[[-73.9815488, 40.7499405], [-73.9816094, 40.7498572], [-73.9818956, 40.7499779], [-73.9818431, 40.7500499], [-73.9818166, 40.7500533], [-73.9817973, 40.7500452], [-73.9815488, 40.7499405]]]}}, {"type": "Feature", "properties": {"layer": "building", "osm_id": 265424315, "height_m": 20.7, "height_source": "tag:height", "kind": "yes", "name": ""}, "geometry": {"type": "Polygon", "coordinates": [[[-73.9818022, 40.7510881], [-73.9818845, 40.7511226], [-73.9818491, 40.7511716], [-73.9817806, 40.7512662], [-73.9817776, 40.7512703], [-73.9816952, 40.7512358], [-73.9818022, 40.7510881]]]}}, {"type": "Feature", "properties": {"layer": "building", "osm_id": 265424322, "height_m": 21.2, "height_source": "tag:height", "kind": "yes", "name": ""}, "geometry": {"type": "Polygon", "coordinates": [[[-73.9820719, 40.7510904], [-73.9821112, 40.7510363], [-73.9821483, 40.751051], [-73.9821959, 40.7510708], [-73.9822434, 40.7510907], [-73.982291, 40.7511105], [-73.9823359, 40.7511292], [-73.9823473, 40.751134], [-73.9823792, 40.7511477], [-73.9823391, 40.7512029], [-73.9823341, 40.7512008], [-73.9820719, 40.7510904]]]}}, {"type": "Feature", "properties": {"layer": "building", "osm_id": 265424325, "height_m": 24.4, "height_source": "tag:height", "kind": "yes", "name": ""}, "geometry": {"type": "Polygon", "coordinates": [[[-73.9819462, 40.7511137], [-73.9819886, 40.7510554], [-73.9820719, 40.7510904], [-73.9823341, 40.7512008], [-73.9822917, 40.7512591], [-73.9820002, 40.7511364], [-73.9819462, 40.7511137]]]}}, {"type": "Feature", "properties": {"layer": "building", "osm_id": 265424328, "height_m": 31.0, "height_source": "tag:height", "kind": "yes", "name": ""}, "geometry": {"type": "Polygon", "coordinates": [[[-73.981957, 40.7511958], [-73.9820002, 40.7511364], [-73.9822917, 40.7512591], [-73.9823031, 40.7512638], [-73.9822599, 40.7513232], [-73.9822448, 40.7513169], [-73.981957, 40.7511958]]]}}, {"type": "Feature", "properties": {"layer": "building", "osm_id": 265424331, "height_m": 12.0, "height_source": "estimate:default", "kind": "yes", "name": "Fifth Avenue Tower"}, "geometry": {"type": "Polygon", "coordinates": [[[-73.9816296, 40.7516126], [-73.9815931, 40.7515972], [-73.9816825, 40.751475], [-73.9817094, 40.7514382], [-73.9820584, 40.7515846], [-73.9819116, 40.7517853], [-73.9818519, 40.7517602], [-73.9817974, 40.7517373], [-73.9817028, 40.7516977], [-73.9815994, 40.751654], [-73.9816296, 40.7516126]]]}}, {"type": "Feature", "properties": {"layer": "building", "osm_id": 265424344, "height_m": 12.2, "height_source": "tag:height", "kind": "yes", "name": ""}, "geometry": {"type": "Polygon", "coordinates": [[[-73.980988, 40.7519395], [-73.9810622, 40.7519701], [-73.9810357, 40.7520073], [-73.9809536, 40.7521223], [-73.9809024, 40.752194], [-73.9808282, 40.7521634], [-73.980988, 40.7519395]]]}}, {"type": "Feature", "properties": {"layer": "building", "osm_id": 265424350, "height_m": 26.3, "height_source": "tag:height", "kind": "yes", "name": ""}, "geometry": {"type": "Polygon", "coordinates": [[[-73.9809444, 40.7522132], [-73.9810096, 40.75224], [-73.9808885, 40.7524101], [-73.9808737, 40.7524306], [-73.9808397, 40.752478], [-73.9807746, 40.7524511], [-73.9809197, 40.7522479], [-73.9809444, 40.7522132]]]}}, {"type": "Feature", "properties": {"layer": "building", "osm_id": 265424356, "height_m": 47.1, "height_source": "tag:height", "kind": "commercial", "name": ""}, "geometry": {"type": "Polygon", "coordinates": [[[-73.9821917, 40.7500222], [-73.9823621, 40.7500936], [-73.982223, 40.7502839], [-73.9820526, 40.7502124], [-73.9821917, 40.7500222]]]}}, {"type": "Feature", "properties": {"layer": "building", "osm_id": 265424368, "height_m": 20.0, "height_source": "estimate:type=commercial", "kind": "commercial", "name": ""}, "geometry": {"type": "Polygon", "coordinates": [[[-73.9805589, 40.7529515], [-73.9806447, 40.7528339], [-73.9807184, 40.7528192], [-73.9809005, 40.7528975], [-73.9808771, 40.7529313], [-73.9810329, 40.7529988], [-73.9809454, 40.7531187], [-73.9809067, 40.753102], [-73.9806636, 40.7529967], [-73.9806433, 40.7529879], [-73.9806092, 40.7529731], [-73.9805589, 40.7529515]]]}}, {"type": "Feature", "properties": {"layer": "building", "osm_id": 265424370, "height_m": 12.0, "height_source": "estimate:default", "kind": "yes", "name": ""}, "geometry": {"type": "Polygon", "coordinates": [[[-73.9809563, 40.752526], [-73.9808397, 40.752478], [-73.9808737, 40.7524306], [-73.9808885, 40.7524101], [-73.9810096, 40.75224], [-73.9811444, 40.7522957], [-73.981107, 40.752348], [-73.9812457, 40.7524053], [-73.9812846, 40.7523509], [-73.9813715, 40.7523865], [-73.981395, 40.7523962], [-73.9814536, 40.7524206], [-73.9814206, 40.7524683], [-73.9813192, 40.7526104], [-73.9812718, 40.7526754], [-73.9811498, 40.7526238], [-73.9809464, 40.7525398], [-73.9809563, 40.752526]]]}}, {"type": "Feature", "properties": {"layer": "building", "osm_id": 265424373, "height_m": 46.5, "height_source": "tag:height", "kind": "yes", "name": ""}, "geometry": {"type": "Polygon", "coordinates": [[[-73.9816809, 40.7510466], [-73.9817297, 40.751067], [-73.9817631, 40.7510209], [-73.9817389, 40.7510107], [-73.98181, 40.7509124], [-73.9818325, 40.7509219], [-73.9818629, 40.7508799], [-73.981817, 40.7508607], [-73.9819212, 40.7507168], [-73.9820363, 40.750765], [-73.9818022, 40.7510881], [-73.9816952, 40.7512358], [-73.9815791, 40.7511872], [-73.9816809, 40.7510466]]]}}, {"type": "Feature", "properties": {"layer": "building", "osm_id": 265424380, "height_m": 12.0, "height_source": "estimate:default", "kind": "yes", "name": "Hyatt Centric 39th & 5th New York"}, "geometry": {"type": "Polygon", "coordinates": [[[-73.9818045, 40.750668], [-73.9819212, 40.7507168], [-73.981817, 40.7508607], [-73.981809, 40.7508717], [-73.9817466, 40.7508456], [-73.981711, 40.7508949], [-73.9817724, 40.7509206], [-73.9817205, 40.7509922], [-73.9816603, 40.750967], [-73.9816282, 40.7510113], [-73.9816882, 40.7510365], [-73.9816809, 40.7510466], [-73.9815791, 40.7511872], [-73.9814635, 40.7511388], [-73.981669, 40.7508551], [-73.9818045, 40.750668]]]}}, {"type": "Feature", "properties": {"layer": "building", "osm_id": 265424381, "height_m": 12.0, "height_source": "estimate:default", "kind": "yes", "name": ""}, "geometry": {"type": "Polygon", "coordinates": [[[-73.9806343, 40.7526122], [-73.9808307, 40.7526976], [-73.9808422, 40.7526818], [-73.981131, 40.7528038], [-73.9811477, 40.7528416], [-73.9810329, 40.7529988], [-73.9808771, 40.7529313], [-73.9809005, 40.7528975], [-73.9807184, 40.7528192], [-73.9806447, 40.7528339], [-73.9805589, 40.7529515], [-73.9804313, 40.7531261], [-73.9802983, 40.7530698], [-73.9804557, 40.7528548], [-73.980485, 40.7528164], [-73.9805394, 40.7527419], [-73.9806255, 40.7526242], [-73.9806343, 40.7526122]]]}}, {"type": "Feature", "properties": {"layer": "building", "osm_id": 265424383, "height_m": 37.0, "height_source": "tag:height", "kind": "yes", "name": "461 Fifth Avenue"}, "geometry": {"type": "Polygon", "coordinates": [[[-73.9811609, 40.7522998], [-73.9811653, 40.7522938], [-73.9811968, 40.7522495], [-73.9811018, 40.7522104], [-73.9811167, 40.7521895], [-73.9811542, 40.7521369], [-73.9812511, 40.7521769], [-73.9812841, 40.7521324], [-73.9813221, 40.7520822], [-73.9815506, 40.7521763], [-73.9815443, 40.7521851], [-73.9815546, 40.7521893], [-73.9815627, 40.7521965], [-73.9815664, 40.752201], [-73.9815716, 40.7522108], [-73.981574, 40.7522213], [-73.9815732, 40.7522325], [-73.9815656, 40.7522431], [-73.981577, 40.7522478], [-73.9814536, 40.7524206], [-73.981395, 40.7523962], [-73.9813715, 40.7523865], [-73.9812846, 40.7523509], [-73.9811609, 40.7522998]]]}}, {"type": "Feature", "properties": {"layer": "building", "osm_id": 265424408, "height_m": 12.0, "height_source": "estimate:default", "kind": "yes", "name": "260 Madison Avenue"}, "geometry": {"type": "Polygon", "coordinates": [[[-73.9813128, 40.7510752], [-73.9808476, 40.7508811], [-73.9811895, 40.7504107], [-73.9816548, 40.7506048], [-73.9816292, 40.7506399], [-73.9816015, 40.750678], [-73.981569, 40.7507212], [-73.981522, 40.7507868], [-73.9814487, 40.7508858], [-73.9814017, 40.7509513], [-73.9813698, 40.7509969], [-73.9813365, 40.7510427], [-73.9813128, 40.7510752]]]}}, {"type": "Feature", "properties": {"layer": "building", "osm_id": 265424412, "height_m": 56.3, "height_source": "tag:height", "kind": "yes", "name": ""}, "geometry": {"type": "Polygon", "coordinates": [[[-73.9817165, 40.7502153], [-73.9817954, 40.7502486], [-73.9816822, 40.750404], [-73.9816033, 40.7503707], [-73.9817165, 40.7502153]]]}}, {"type": "Feature", "properties": {"layer": "building", "osm_id": 265424415, "height_m": 44.5, "height_source": "tag:height", "kind": "yes", "name": ""}, "geometry": {"type": "Polygon", "coordinates": [[[-73.9829666, 40.7503487], [-73.9828373, 40.7505261], [-73.982438, 40.7503579], [-73.9825674, 40.7501804], [-73.9829666, 40.7503487]]]}}, {"type": "Feature", "properties": {"layer": "building", "osm_id": 265424423, "height_m": 41.0, "height_source": "tag:height", "kind": "yes", "name": "425 Fifth Avenue"}, "geometry": {"type": "Polygon", "coordinates": [[[-73.982034, 40.751003], [-73.9821663, 40.7508217], [-73.9825109, 40.7509667], [-73.9823792, 40.7511477], [-73.9823473, 40.751134], [-73.9823359, 40.7511292], [-73.982291, 40.7511105], [-73.9822434, 40.7510907], [-73.9821959, 40.7510708], [-73.9821483, 40.751051], [-73.9821112, 40.7510363], [-73.982104, 40.7510329], [-73.9820927, 40.7510282], [-73.982034, 40.751003]]]}}, {"type": "Feature", "properties": {"layer": "building", "osm_id": 265424428, "height_m": 68.7, "height_source": "tag:height", "kind": "yes", "name": ""}, "geometry": {"type": "Polygon", "coordinates": [[[-73.9805687, 40.7512623], [-73.9807388, 40.7510277], [-73.9811888, 40.7512165], [-73.9810189, 40.7514507], [-73.9809414, 40.7514183], [-73.9805687, 40.7512623]]]}}, {"type": "Feature", "properties": {"layer": "building", "osm_id": 265424438, "height_m": 12.0, "height_source": "estimate:default", "kind": "yes", "name": "Mercantile Building"}, "geometry": {"type": "Polygon", "coordinates": [[[-73.981271, 40.7512509], [-73.9815002, 40.7513471], [-73.9814878, 40.7513646], [-73.9814753, 40.7513819], [-73.9814387, 40.7514322], [-73.9814318, 40.7514417], [-73.9812399, 40.7517053], [-73.9811722, 40.7517991], [-73.9811523, 40.7518266], [-73.9809231, 40.7517305], [-73.9809303, 40.7517206], [-73.9809422, 40.7517041], [-73.9810106, 40.7516096], [-73.9812022, 40.7513459], [-73.9812091, 40.7513364], [-73.9812456, 40.7512861], [-73.9812582, 40.7512689], [-73.981271, 40.7512509]]]}}, {"type": "Feature", "properties": {"layer": "building", "osm_id": 265424440, "height_m": 43.5, "height_source": "tag:height", "kind": "yes", "name": ""}, "geometry": {"type": "Polygon", "coordinates": [[[-73.9816548, 40.7506048], [-73.9818045, 40.750668], [-73.981669, 40.7508551], [-73.9815848, 40.7508198], [-73.9813793, 40.7511035], [-73.9813128, 40.7510752], [-73.9813365, 40.7510427], [-73.9813698, 40.7509969], [-73.9814017, 40.7509513], [-73.9814487, 40.7508858], [-73.981522, 40.7507868], [-73.981569, 40.7507212], [-73.9816015, 40.750678], [-73.9816292, 40.7506399], [-73.9816548, 40.7506048]]]}}, {"type": "Feature", "properties": {"layer": "building", "osm_id": 265424442, "height_m": 59.8, "height_source": "tag:height", "kind": "yes", "name": ""}, "geometry": {"type": "Polygon", "coordinates": [[[-73.981467, 40.7500245], [-73.9815331, 40.7499338], [-73.9815488, 40.7499405], [-73.9817973, 40.7500452], [-73.9817312, 40.7501359], [-73.9816963, 40.7501212], [-73.981467, 40.7500245]]]}}, {"type": "Feature", "properties": {"layer": "building", "osm_id": 265424447, "height_m": 42.7, "height_source": "tag:height", "kind": "yes", "name": ""}, "geometry": {"type": "Polygon", "coordinates": [[[-73.9832898, 40.7499304], [-73.9830784, 40.7502211], [-73.982584, 40.7500131], [-73.9827508, 40.7497839], [-73.9829601, 40.7498719], [-73.9830047, 40.7498105], [-73.9832766, 40.7499249], [-73.9832898, 40.7499304]]]}}, {"type": "Feature", "properties": {"layer": "building", "osm_id": 265424453, "height_m": 46.0, "height_source": "tag:height", "kind": "yes", "name": ""}, "geometry": {"type": "Polygon", "coordinates": [[[-73.9818491, 40.7511716], [-73.9819104, 40.7511974], [-73.9819222, 40.7511811], [-73.981957, 40.7511958], [-73.9822448, 40.7513169], [-73.9821643, 40.7514276], [-73.9817806, 40.7512662], [-73.9818491, 40.7511716]]]}}, {"type": "Feature", "properties": {"layer": "building", "osm_id": 265424462, "height_m": 46.7, "height_source": "tag:height", "kind": "yes", "name": ""}, "geometry": {"type": "Polygon", "coordinates": [[[-73.9809414, 40.7514183], [-73.9810189, 40.7514507], [-73.9811888, 40.7512165], [-73.981271, 40.7512509], [-73.9812582, 40.7512689], [-73.9812456, 40.7512861], [-73.9812091, 40.7513364], [-73.9812022, 40.7513459], [-73.9810106, 40.7516096], [-73.9809422, 40.7517041], [-73.9809303, 40.7517206], [-73.9807709, 40.7516538], [-73.9809051, 40.7514685], [-73.9809414, 40.7514183]]]}}, {"type": "Feature", "properties": {"layer": "building", "osm_id": 265424464, "height_m": 65.0, "height_source": "tag:height", "kind": "yes", "name": ""}, "geometry": {"type": "Polygon", "coordinates": [[[-73.9816963, 40.7501212], [-73.9816554, 40.7501773], [-73.9817233, 40.750206], [-73.9817165, 40.7502153], [-73.9816033, 40.7503707], [-73.981595, 40.750382], [-73.9812978, 40.7502567], [-73.981467, 40.7500245], [-73.9816963, 40.7501212]]]}}, {"type": "Feature", "properties": {"layer": "building", "osm_id": 265424467, "height_m": 31.0, "height_source": "tag:height", "kind": "yes", "name": "Stavros Niarchos Foundation Library"}, "geometry": {"type": "Polygon", "coordinates": [[[-73.9815002, 40.7513471], [-73.9815805, 40.7513808], [-73.9814097, 40.7516163], [-73.9815761, 40.7516861], [-73.9815994, 40.751654], [-73.9817028, 40.7516977], [-73.9817974, 40.7517373], [-73.9818519, 40.7517602], [-73.9819116, 40.7517853], [-73.9817123, 40.7520615], [-73.9811523, 40.7518266], [-73.9811722, 40.7517991], [-73.9812399, 40.7517053], [-73.9814318, 40.7514417], [-73.9814387, 40.7514322], [-73.9814753, 40.7513819], [-73.9814878, 40.7513646], [-73.9815002, 40.7513471]]]}}, {"type": "Feature", "properties": {"layer": "building", "osm_id": 265424473, "height_m": 56.5, "height_source": "tag:height", "kind": "yes", "name": "232 Madison Ave"}, "geometry": {"type": "Polygon", "coordinates": [[[-73.9815948, 40.7498511], [-73.9816398, 40.7497894], [-73.9821139, 40.7499892], [-73.9819649, 40.7501936], [-73.9819418, 40.7502253], [-73.9817815, 40.7501577], [-73.9819086, 40.7499833], [-73.9818956, 40.7499779], [-73.9816094, 40.7498572], [-73.9815948, 40.7498511]]]}}, {"type": "Feature", "properties": {"layer": "building", "osm_id": 265875646, "height_m": 12.0, "height_source": "estimate:default", "kind": "yes", "name": "NH Collection Hotels"}, "geometry": {"type": "Polygon", "coordinates": [[[-73.9808141, 40.7497839], [-73.9808455, 40.7497971], [-73.9808628, 40.7497732], [-73.9809734, 40.7498196], [-73.9811106, 40.7498771], [-73.9812247, 40.7499249], [-73.9810536, 40.7501609], [-73.9809383, 40.7501125], [-73.9807988, 40.7500541], [-73.9806918, 40.7500092], [-73.9806991, 40.7499991], [-73.9806671, 40.7499866], [-73.9807999, 40.7498035], [-73.9808141, 40.7497839]]]}}, {"type": "Feature", "properties": {"layer": "building", "osm_id": 265932612, "height_m": 12.0, "height_source": "estimate:default", "kind": "yes", "name": "HSBC Tower"}, "geometry": {"type": "Polygon", "coordinates": [[[-73.9823433, 40.7523213], [-73.9823879, 40.7523403], [-73.9824348, 40.7523602], [-73.9824946, 40.7523864], [-73.9826459, 40.752176], [-73.9826685, 40.7521471], [-73.9827693, 40.7521887], [-73.9829395, 40.7519521], [-73.9828387, 40.7519105], [-73.9824218, 40.7517325], [-73.9823878, 40.751718], [-73.9822193, 40.7519446], [-73.982196, 40.751976], [-73.9821728, 40.7520073], [-73.9821495, 40.7520386], [-73.9821284, 40.7520675], [-73.9821613, 40.7520814], [-73.9821483, 40.752099], [-73.9822108, 40.7521288], [-73.982276, 40.7521604], [-73.982343, 40.7521962], [-73.982333, 40.7522095], [-73.9823553, 40.7522191], [-73.9823509, 40.752225], [-73.9823726, 40.7522343], [-73.9823673, 40.7522414], [-73.9823945, 40.752253], [-73.9823874, 40.7522625], [-73.9823433, 40.7523213]]]}}, {"type": "Feature", "properties": {"layer": "building", "osm_id": 283346493, "height_m": 30.0, "height_source": "estimate:type=hotel", "kind": "hotel", "name": "Bryant Park Hotel"}, "geometry": {"type": "Polygon", "coordinates": [[[-73.983616, 40.7528577], [-73.9837057, 40.7528955], [-73.9838064, 40.752938], [-73.9840666, 40.7530477], [-73.9840689, 40.7530446], [-73.9840712, 40.7530412], [-73.9840927, 40.7530116], [-73.984094, 40.7530097], [-73.9842229, 40.7528323], [-73.9842379, 40.7528116], [-73.9842486, 40.7528161], [-73.9842657, 40.7527931], [-73.984216, 40.7527724], [-73.9841266, 40.7527352], [-73.9840008, 40.7526819], [-73.9839931, 40.7526786], [-73.9839795, 40.7526994], [-73.9837882, 40.7526191], [-73.9837769, 40.7526337], [-73.9837526, 40.7526674], [-73.9837351, 40.7526925], [-73.9837177, 40.7527177], [-73.983712, 40.7527256], [-73.9836428, 40.7528197], [-73.9836312, 40.7528356], [-73.9836206, 40.7528512], [-73.9836183, 40.7528543], [-73.983616, 40.7528577]]]}}, {"type": "Feature", "properties": {"layer": "building", "osm_id": 283346494, "height_m": 103.0, "height_source": "tag:height", "kind": "yes", "name": ""}, "geometry": {"type": "Polygon", "coordinates": [[[-73.9837997, 40.7528966], [-73.983809, 40.7529008], [-73.9838321, 40.752902], [-73.9838335, 40.7529001], [-73.983902, 40.7528054], [-73.9838827, 40.7527972], [-73.9838729, 40.7527931], [-73.9837411, 40.7527376], [-73.983712, 40.7527256], [-73.9836428, 40.7528197], [-73.9836576, 40.7528372], [-73.9836679, 40.7528411], [-73.9837997, 40.7528966]]]}}, {"type": "Feature", "properties": {"layer": "building", "osm_id": 283346495, "height_m": 26.0, "height_source": "tag:height", "kind": "yes", "name": ""}, "geometry": {"type": "Polygon", "coordinates": [[[-73.9840927, 40.7530116], [-73.9838321, 40.752902], [-73.9838335, 40.7529001], [-73.983902, 40.7528054], [-73.9839079, 40.7527975], [-73.9839259, 40.7527726], [-73.9839438, 40.7527487], [-73.9841656, 40.7528418], [-73.984216, 40.7527724], [-73.9842657, 40.7527931], [-73.9842486, 40.7528161], [-73.9842379, 40.7528116], [-73.9842229, 40.7528323], [-73.984094, 40.7530097], [-73.9840927, 40.7530116]]]}}, {"type": "Feature", "properties": {"layer": "building", "osm_id": 283346496, "height_m": 17.0, "height_source": "tag:height", "kind": "yes", "name": ""}, "geometry": {"type": "Polygon", "coordinates": [[[-73.9840689, 40.7530446], [-73.9840712, 40.7530412], [-73.9840927, 40.7530116], [-73.984094, 40.7530097], [-73.9842229, 40.7528323], [-73.9842379, 40.7528116], [-73.9842486, 40.7528161], [-73.9842657, 40.7527931], [-73.984216, 40.7527724], [-73.9841656, 40.7528418], [-73.9839438, 40.7527487], [-73.9839259, 40.7527726], [-73.9839079, 40.7527975], [-73.983902, 40.7528054], [-73.9838335, 40.7529001], [-73.9838321, 40.752902], [-73.9838221, 40.7529153], [-73.9837929, 40.7529238], [-73.9836206, 40.7528512], [-73.9836183, 40.7528543], [-73.9840689, 40.7530446]]]}}, {"type": "Feature", "properties": {"layer": "building", "osm_id": 283346497, "height_m": 66.0, "height_source": "tag:height", "kind": "yes", "name": ""}, "geometry": {"type": "Polygon", "coordinates": [[[-73.9837929, 40.7529238], [-73.9838221, 40.7529153], [-73.9838321, 40.752902], [-73.9838041, 40.7529086], [-73.9837929, 40.7529238]]]}}, {"type": "Feature", "properties": {"layer": "building", "osm_id": 283346498, "height_m": 66.0, "height_source": "tag:height", "kind": "yes", "name": ""}, "geometry": {"type": "Polygon", "coordinates": [[[-73.9836515, 40.7528444], [-73.9836428, 40.7528197], [-73.9836312, 40.7528356], [-73.9836404, 40.7528596], [-73.9836515, 40.7528444]]]}}, {"type": "Feature", "properties": {"layer": "building", "osm_id": 283346499, "height_m": 80.0, "height_source": "tag:height", "kind": "yes", "name": ""}, "geometry": {"type": "Polygon", "coordinates": [[[-73.9836623, 40.7528489], [-73.9836679, 40.7528411], [-73.9837997, 40.7528966], [-73.983794, 40.7529043], [-73.9836623, 40.7528489]]]}}, {"type": "Feature", "properties": {"layer": "building", "osm_id": 283346500, "height_m": 78.0, "height_source": "tag:height", "kind": "yes", "name": ""}, "geometry": {"type": "Polygon", "coordinates": [[[-73.983712, 40.7527256], [-73.9837177, 40.7527177], [-73.9837468, 40.7527299], [-73.9837411, 40.7527376], [-73.983712, 40.7527256]]]}}, {"type": "Feature", "properties": {"layer": "building", "osm_id": 283346501, "height_m": 68.0, "height_source": "tag:height", "kind": "yes", "name": ""}, "geometry": {"type": "Polygon", "coordinates": [[[-73.9837351, 40.7526925], [-73.9837526, 40.7526674], [-73.9839438, 40.7527487], [-73.9839259, 40.7527726], [-73.9837351, 40.7526925]]]}}, {"type": "Feature", "properties": {"layer": "building", "osm_id": 283346502, "height_m": 26.6, "height_source": "tag:height", "kind": "yes", "name": ""}, "geometry": {"type": "Polygon", "coordinates": [[[-73.9840927, 40.7530116], [-73.984094, 40.7530097], [-73.9838335, 40.7529001], [-73.9838321, 40.752902], [-73.9840927, 40.7530116]]]}}, {"type": "Feature", "properties": {"layer": "building", "osm_id": 283346503, "height_m": 80.0, "height_source": "tag:height", "kind": "yes", "name": ""}, "geometry": {"type": "Polygon", "coordinates": [[[-73.9837411, 40.7527376], [-73.9837468, 40.7527299], [-73.9838786, 40.7527854], [-73.9838729, 40.7527931], [-73.9837411, 40.7527376]]]}}, {"type": "Feature", "properties": {"layer": "building", "osm_id": 283346504, "height_m": 78.0, "height_source": "tag:height", "kind": "yes", "name": ""}, "geometry": {"type": "Polygon", "coordinates": [[[-73.9836515, 40.7528444], [-73.9836428, 40.7528197], [-73.9836576, 40.7528372], [-73.9836679, 40.7528411], [-73.9836623, 40.7528489], [-73.9836515, 40.7528444]]]}}, {"type": "Feature", "properties": {"layer": "building", "osm_id": 283346505, "height_m": 78.0, "height_source": "tag:height", "kind": "yes", "name": ""}, "geometry": {"type": "Polygon", "coordinates": [[[-73.9839079, 40.7527975], [-73.9838786, 40.7527854], [-73.9838729, 40.7527931], [-73.9838827, 40.7527972], [-73.983902, 40.7528054], [-73.9839079, 40.7527975]]]}}, {"type": "Feature", "properties": {"layer": "building", "osm_id": 283346506, "height_m": 78.0, "height_source": "tag:height", "kind": "yes", "name": ""}, "geometry": {"type": "Polygon", "coordinates": [[[-73.9838041, 40.7529086], [-73.9838321, 40.752902], [-73.983809, 40.7529008], [-73.9837997, 40.7528966], [-73.983794, 40.7529043], [-73.9838041, 40.7529086]]]}}, {"type": "Feature", "properties": {"layer": "building", "osm_id": 283346507, "height_m": 25.0, "height_source": "tag:height", "kind": "yes", "name": ""}, "geometry": {"type": "Polygon", "coordinates": [[[-73.9837526, 40.7526674], [-73.9837769, 40.7526337], [-73.9837882, 40.7526191], [-73.9839795, 40.7526994], [-73.9839438, 40.7527487], [-73.9837526, 40.7526674]]]}}, {"type": "Feature", "properties": {"layer": "building", "osm_id": 283346508, "height_m": 14.0, "height_source": "tag:height", "kind": "yes", "name": ""}, "geometry": {"type": "Polygon", "coordinates": [[[-73.9840666, 40.7530477], [-73.9840689, 40.7530446], [-73.9836183, 40.7528543], [-73.983616, 40.7528577], [-73.9837057, 40.7528955], [-73.9838064, 40.752938], [-73.9840666, 40.7530477]]]}}, {"type": "Feature", "properties": {"layer": "building", "osm_id": 283346509, "height_m": 18.0, "height_source": "tag:height", "kind": "yes", "name": ""}, "geometry": {"type": "Polygon", "coordinates": [[[-73.9840689, 40.7530446], [-73.9840712, 40.7530412], [-73.9837929, 40.7529238], [-73.9836404, 40.7528596], [-73.9836206, 40.7528512], [-73.9836183, 40.7528543], [-73.9840689, 40.7530446]]]}}, {"type": "Feature", "properties": {"layer": "building", "osm_id": 283346510, "height_m": 68.0, "height_source": "tag:height", "kind": "yes", "name": ""}, "geometry": {"type": "Polygon", "coordinates": [[[-73.9836404, 40.7528596], [-73.9836515, 40.7528444], [-73.9836623, 40.7528489], [-73.983794, 40.7529043], [-73.9838041, 40.7529086], [-73.9837929, 40.7529238], [-73.9836404, 40.7528596]]]}}, {"type": "Feature", "properties": {"layer": "building", "osm_id": 283346511, "height_m": 70.0, "height_source": "tag:height", "kind": "yes", "name": ""}, "geometry": {"type": "Polygon", "coordinates": [[[-73.9837177, 40.7527177], [-73.9837351, 40.7526925], [-73.9839259, 40.7527726], [-73.9839079, 40.7527975], [-73.9838786, 40.7527854], [-73.9837468, 40.7527299], [-73.9837177, 40.7527177]]]}}, {"type": "Feature", "properties": {"layer": "building", "osm_id": 283353761, "height_m": 14.5, "height_source": "tag:height", "kind": "yes", "name": ""}, "geometry": {"type": "Polygon", "coordinates": [[[-73.9861793, 40.7528469], [-73.9861922, 40.7528293], [-73.9862105, 40.7528044], [-73.9863641, 40.7525953], [-73.9860537, 40.7524645], [-73.9860472, 40.7524734], [-73.9859858, 40.752557], [-73.9861677, 40.7526337], [-73.9861332, 40.7526806], [-73.9860985, 40.7527279], [-73.9859158, 40.7526509], [-73.9858684, 40.7527155], [-73.985895, 40.752727], [-73.9859311, 40.7527422], [-73.9859592, 40.7527039], [-73.9861836, 40.7527987], [-73.9861555, 40.7528369], [-73.9861793, 40.7528469]]]}}, {"type": "Feature", "properties": {"layer": "building", "osm_id": 283353763, "height_m": 14.0, "height_source": "tag:height", "kind": "yes", "name": ""}, "geometry": {"type": "Polygon", "coordinates": [[[-73.9858124, 40.7528392], [-73.985895, 40.752727], [-73.9858684, 40.7527155], [-73.9857859, 40.7528278], [-73.9858124, 40.7528392]]]}}, {"type": "Feature", "properties": {"layer": "building", "osm_id": 283353765, "height_m": 14.5, "height_source": "tag:height", "kind": "yes", "name": ""}, "geometry": {"type": "Polygon", "coordinates": [[[-73.9860967, 40.7529593], [-73.9860223, 40.7530605], [-73.9857112, 40.7529293], [-73.9857859, 40.7528278], [-73.9858124, 40.7528392], [-73.985849, 40.7528546], [-73.9858208, 40.752893], [-73.9860449, 40.7529876], [-73.9860732, 40.7529493], [-73.9860967, 40.7529593]]]}}, {"type": "Feature", "properties": {"layer": "building", "osm_id": 283403896, "height_m": 132.0, "height_source": "tag:height", "kind": "yes", "name": ""}, "geometry": {"type": "Polygon", "coordinates": [[[-73.9857563, 40.7520848], [-73.985761, 40.7520785], [-73.9858033, 40.7520963], [-73.9859117, 40.7519486], [-73.985872, 40.7519319], [-73.9858789, 40.7519225], [-73.9858351, 40.7519041], [-73.985839, 40.7518988], [-73.9856587, 40.7518229], [-73.9856548, 40.7518283], [-73.9856101, 40.7518095], [-73.9855752, 40.7518571], [-73.9855085, 40.751829], [-73.9854236, 40.7519448], [-73.9857563, 40.7520848]]]}}, {"type": "Feature", "properties": {"layer": "building", "osm_id": 283403897, "height_m": 141.0, "height_source": "tag:height", "kind": "yes", "name": ""}, "geometry": {"type": "Polygon", "coordinates": [[[-73.9855487, 40.7519294], [-73.9855911, 40.7518715], [-73.9857562, 40.751941], [-73.9857138, 40.7519988], [-73.9855487, 40.7519294]]]}}, {"type": "Feature", "properties": {"layer": "building", "osm_id": 283403899, "height_m": 45.0, "height_source": "tag:height", "kind": "yes", "name": ""}, "geometry": {"type": "Polygon", "coordinates": [[[-73.9858273, 40.7521147], [-73.9858522, 40.7521244], [-73.9859707, 40.7519615], [-73.9859471, 40.7519512], [-73.9858273, 40.7521147]]]}}, {"type": "Feature", "properties": {"layer": "building", "osm_id": 283403901, "height_m": 65.0, "height_source": "tag:height", "kind": "yes", "name": ""}, "geometry": {"type": "Polygon", "coordinates": [[[-73.9858789, 40.7519225], [-73.9859471, 40.7519512], [-73.9858273, 40.7521147], [-73.9857563, 40.7520848], [-73.985761, 40.7520785], [-73.9858033, 40.7520963], [-73.9859117, 40.7519486], [-73.985872, 40.7519319], [-73.9858789, 40.7519225]]]}}, {"type": "Feature", "properties": {"layer": "building", "osm_id": 286248792, "height_m": 60.0, "height_source": "tag:height", "kind": "yes", "name": ""}, "geometry": {"type": "Polygon", "coordinates": [[[-73.9812287, 40.7517007], [-73.9812399, 40.7517053], [-73.9811722, 40.7517991], [-73.9809422, 40.7517041], [-73.9810106, 40.7516096], [-73.9810226, 40.7516146], [-73.9810032, 40.7516414], [-73.9809984, 40.7516394], [-73.98098, 40.7516647], [-73.9811969, 40.7517553], [-73.9812153, 40.75173], [-73.9812093, 40.7517275], [-73.9812287, 40.7517007]]]}}, {"type": "Feature", "properties": {"layer": "building", "osm_id": 286248793, "height_m": 145.0, "height_source": "tag:height", "kind": "yes", "name": ""}, "geometry": {"type": "Polygon", "coordinates": [[[-73.9810236, 40.7516096], [-73.9812091, 40.7513538], [-73.9814191, 40.7514412], [-73.9812336, 40.751697], [-73.9810236, 40.7516096]]]}}, {"type": "Feature", "properties": {"layer": "building", "osm_id": 286248794, "height_m": 55.0, "height_source": "tag:height", "kind": "yes", "name": ""}, "geometry": {"type": "Polygon", "coordinates": [[[-73.9814753, 40.7513819], [-73.9814878, 40.7513646], [-73.9812582, 40.7512689], [-73.9812456, 40.7512861], [-73.9814753, 40.7513819]]]}}, {"type": "Feature", "properties": {"layer": "building", "osm_id": 286248795, "height_m": 170.0, "height_source": "tag:height", "kind": "yes", "name": ""}, "geometry": {"type": "Polygon", "coordinates": [[[-73.9810397, 40.751606], [-73.9812138, 40.751366], [-73.981403, 40.7514447], [-73.9812289, 40.7516848], [-73.9810397, 40.751606]]]}}, {"type": "Feature", "properties": {"layer": "building", "osm_id": 286248796, "height_m": 85.0, "height_source": "tag:height", "kind": "yes", "name": ""}, "geometry": {"type": "Polygon", "coordinates": [[[-73.9812287, 40.7517007], [-73.9812093, 40.7517275], [-73.9810032, 40.7516414], [-73.9810226, 40.7516146], [-73.9812287, 40.7517007]]]}}, {"type": "Feature", "properties": {"layer": "building", "osm_id": 286248797, "height_m": 85.0, "height_source": "tag:height", "kind": "yes", "name": ""}, "geometry": {"type": "Polygon", "coordinates": [[[-73.9814318, 40.7514417], [-73.9814387, 40.7514322], [-73.9812091, 40.7513364], [-73.9812022, 40.7513459], [-73.9814318, 40.7514417]]]}}, {"type": "Feature", "properties": {"layer": "building", "osm_id": 286248798, "height_m": 189.0, "height_source": "tag:height", "kind": "yes", "name": ""}, "geometry": {"type": "Polygon", "coordinates": [[[-73.9810719, 40.7515989], [-73.9812232, 40.7513904], [-73.9813708, 40.7514518], [-73.9812196, 40.7516604], [-73.9810719, 40.7515989]]]}}, {"type": "Feature", "properties": {"layer": "building", "osm_id": 286248800, "height_m": 65.0, "height_source": "tag:height", "kind": "yes", "name": ""}, "geometry": {"type": "Polygon", "coordinates": [[[-73.9814387, 40.7514322], [-73.9814753, 40.7513819], [-73.9812456, 40.7512861], [-73.9812091, 40.7513364], [-73.9814387, 40.7514322]]]}}, {"type": "Feature", "properties": {"layer": "building", "osm_id": 286248801, "height_m": 179.0, "height_source": "tag:height", "kind": "yes", "name": ""}, "geometry": {"type": "Polygon", "coordinates": [[[-73.9810622, 40.7516011], [-73.9812204, 40.751383], [-73.9813805, 40.7514497], [-73.9812224, 40.7516677], [-73.9810622, 40.7516011]]]}}, {"type": "Feature", "properties": {"layer": "building", "osm_id": 286248802, "height_m": 50.0, "height_source": "tag:height", "kind": "yes", "name": ""}, "geometry": {"type": "Polygon", "coordinates": [[[-73.9814878, 40.7513646], [-73.9815002, 40.7513471], [-73.981271, 40.7512509], [-73.9812582, 40.7512689], [-73.9814878, 40.7513646]]]}}, {"type": "Feature", "properties": {"layer": "building", "osm_id": 286248803, "height_m": 50.0, "height_source": "tag:height", "kind": "yes", "name": ""}, "geometry": {"type": "Polygon", "coordinates": [[[-73.9811722, 40.7517991], [-73.9811523, 40.7518266], [-73.9809231, 40.7517305], [-73.9809303, 40.7517206], [-73.9809422, 40.7517041], [-73.9811722, 40.7517991]]]}}, {"type": "Feature", "properties": {"layer": "building", "osm_id": 286248805, "height_m": 70.0, "height_source": "tag:height", "kind": "yes", "name": ""}, "geometry": {"type": "Polygon", "coordinates": [[[-73.9812093, 40.7517275], [-73.9812153, 40.75173], [-73.9811969, 40.7517553], [-73.98098, 40.7516647], [-73.9809984, 40.7516394], [-73.9810032, 40.7516414], [-73.9812093, 40.7517275]]]}}, {"type": "Feature", "properties": {"layer": "building", "osm_id": 286248807, "height_m": 140.0, "height_source": "tag:height", "kind": "yes", "name": ""}, "geometry": {"type": "Polygon", "coordinates": [[[-73.9810106, 40.7516096], [-73.9812022, 40.7513459], [-73.9814318, 40.7514417], [-73.9812399, 40.7517053], [-73.9812287, 40.7517007], [-73.9810226, 40.7516146], [-73.9810106, 40.7516096]]]}}, {"type": "Feature", "properties": {"layer": "building", "osm_id": 286260799, "height_m": 188.0, "height_source": "tag:height", "kind": "yes", "name": ""}, "geometry": {"type": "Polygon", "coordinates": [[[-73.9821589, 40.7510361], [-73.9821811, 40.7510055], [-73.9822391, 40.7509257], [-73.9822612, 40.7508953], [-73.9824039, 40.7509549], [-73.9823815, 40.7509852], [-73.9823236, 40.7510652], [-73.9823016, 40.7510957], [-73.9822537, 40.7510757], [-73.9822064, 40.7510559], [-73.9821589, 40.7510361]]]}}, {"type": "Feature", "properties": {"layer": "building", "osm_id": 286260800, "height_m": 133.0, "height_source": "tag:height", "kind": "yes", "name": ""}, "geometry": {"type": "Polygon", "coordinates": [[[-73.9821589, 40.7510361], [-73.9821483, 40.751051], [-73.9821112, 40.7510363], [-73.982104, 40.7510329], [-73.9821198, 40.7510113], [-73.9821086, 40.7510062], [-73.982126, 40.7509823], [-73.9821467, 40.7509912], [-73.9821356, 40.7510069], [-73.9821406, 40.7510288], [-73.9821589, 40.7510361]]]}}, {"type": "Feature", "properties": {"layer": "building", "osm_id": 286260802, "height_m": 133.0, "height_source": "tag:height", "kind": "yes", "name": ""}, "geometry": {"type": "Polygon", "coordinates": [[[-73.9824158, 40.7509997], [-73.9824381, 40.7510093], [-73.98238, 40.7510891], [-73.982358, 40.7510794], [-73.9824158, 40.7509997]]]}}, {"type": "Feature", "properties": {"layer": "building", "osm_id": 286260803, "height_m": 85.0, "height_source": "tag:height", "kind": "yes", "name": ""}, "geometry": {"type": "Polygon", "coordinates": [[[-73.982126, 40.7509823], [-73.9821155, 40.750978], [-73.9821736, 40.7508981], [-73.9821838, 40.7509026], [-73.982126, 40.7509823]]]}}, {"type": "Feature", "properties": {"layer": "building", "osm_id": 286260804, "height_m": 160.0, "height_source": "tag:height", "kind": "yes", "name": ""}, "geometry": {"type": "Polygon", "coordinates": [[[-73.9821589, 40.7510361], [-73.9821483, 40.751051], [-73.9821959, 40.7510708], [-73.9822064, 40.7510559], [-73.9821589, 40.7510361]]]}}, {"type": "Feature", "properties": {"layer": "building", "osm_id": 286260805, "height_m": 85.0, "height_source": "tag:height", "kind": "yes", "name": ""}, "geometry": {"type": "Polygon", "coordinates": [[[-73.9823515, 40.7511077], [-73.9823359, 40.7511292], [-73.9823473, 40.751134], [-73.9823629, 40.7511125], [-73.9823515, 40.7511077]]]}}, {"type": "Feature", "properties": {"layer": "building", "osm_id": 286260806, "height_m": 85.0, "height_source": "tag:height", "kind": "yes", "name": ""}, "geometry": {"type": "Polygon", "coordinates": [[[-73.9821155, 40.750978], [-73.9820981, 40.7510018], [-73.9821086, 40.7510062], [-73.982126, 40.7509823], [-73.9821155, 40.750978]]]}}, {"type": "Feature", "properties": {"layer": "building", "osm_id": 286260807, "height_m": 160.0, "height_source": "tag:height", "kind": "yes", "name": ""}, "geometry": {"type": "Polygon", "coordinates": [[[-73.9822434, 40.7510907], [-73.9822537, 40.7510757], [-73.9823016, 40.7510957], [-73.982291, 40.7511105], [-73.9822434, 40.7510907]]]}}, {"type": "Feature", "properties": {"layer": "building", "osm_id": 286260808, "height_m": 85.0, "height_source": "tag:height", "kind": "yes", "name": ""}, "geometry": {"type": "Polygon", "coordinates": [[[-73.98238, 40.7510891], [-73.9823903, 40.7510936], [-73.9824485, 40.7510136], [-73.9824381, 40.7510093], [-73.98238, 40.7510891]]]}}, {"type": "Feature", "properties": {"layer": "building", "osm_id": 286260809, "height_m": 85.0, "height_source": "tag:height", "kind": "yes", "name": ""}, "geometry": {"type": "Polygon", "coordinates": [[[-73.98238, 40.7510891], [-73.9823629, 40.7511125], [-73.9823733, 40.7511169], [-73.9823903, 40.7510936], [-73.98238, 40.7510891]]]}}, {"type": "Feature", "properties": {"layer": "building", "osm_id": 286260810, "height_m": 85.0, "height_source": "tag:height", "kind": "yes", "name": ""}, "geometry": {"type": "Polygon", "coordinates": [[[-73.9821086, 40.7510062], [-73.9820927, 40.7510282], [-73.982104, 40.7510329], [-73.9821198, 40.7510113], [-73.9821086, 40.7510062]]]}}, {"type": "Feature", "properties": {"layer": "building", "osm_id": 286260811, "height_m": 50.0, "height_source": "tag:height", "kind": "yes", "name": ""}, "geometry": {"type": "Polygon", "coordinates": [[[-73.9824187, 40.7509343], [-73.982413, 40.7509422], [-73.9822708, 40.7508825], [-73.9822766, 40.7508747], [-73.9824187, 40.7509343]]]}}, {"type": "Feature", "properties": {"layer": "building", "osm_id": 286260812, "height_m": 115.0, "height_source": "tag:height", "kind": "yes", "name": ""}, "geometry": {"type": "Polygon", "coordinates": [[[-73.982413, 40.7509422], [-73.9824039, 40.7509549], [-73.9822612, 40.7508953], [-73.9822708, 40.7508825], [-73.982413, 40.7509422]]]}}, {"type": "Feature", "properties": {"layer": "building", "osm_id": 286260813, "height_m": 133.0, "height_source": "tag:height", "kind": "yes", "name": ""}, "geometry": {"type": "Polygon", "coordinates": [[[-73.9821467, 40.7509912], [-73.982126, 40.7509823], [-73.9821838, 40.7509026], [-73.9822047, 40.7509114], [-73.9821467, 40.7509912]]]}}, {"type": "Feature", "properties": {"layer": "building", "osm_id": 286260814, "height_m": 180.0, "height_source": "tag:height", "kind": "yes", "name": ""}, "geometry": {"type": "Polygon", "coordinates": [[[-73.9823016, 40.7510957], [-73.9823195, 40.7511035], [-73.9823464, 40.751095], [-73.982358, 40.7510794], [-73.9823236, 40.7510652], [-73.9823016, 40.7510957]]]}}, {"type": "Feature", "properties": {"layer": "building", "osm_id": 286260815, "height_m": 180.0, "height_source": "tag:height", "kind": "yes", "name": ""}, "geometry": {"type": "Polygon", "coordinates": [[[-73.9824039, 40.7509549], [-73.9824222, 40.7509622], [-73.9824269, 40.750984], [-73.9824158, 40.7509997], [-73.9823815, 40.7509852], [-73.9824039, 40.7509549]]]}}, {"type": "Feature", "properties": {"layer": "building", "osm_id": 286260816, "height_m": 180.0, "height_source": "tag:height", "kind": "yes", "name": ""}, "geometry": {"type": "Polygon", "coordinates": [[[-73.9821589, 40.7510361], [-73.9821406, 40.7510288], [-73.9821356, 40.7510069], [-73.9821467, 40.7509912], [-73.9821811, 40.7510055], [-73.9821589, 40.7510361]]]}}, {"type": "Feature", "properties": {"layer": "building", "osm_id": 286260817, "height_m": 180.0, "height_source": "tag:height", "kind": "yes", "name": ""}, "geometry": {"type": "Polygon", "coordinates": [[[-73.9822612, 40.7508953], [-73.9822434, 40.7508874], [-73.9822164, 40.7508959], [-73.9822047, 40.7509114], [-73.9822391, 40.7509257], [-73.9822612, 40.7508953]]]}}, {"type": "Feature", "properties": {"layer": "building", "osm_id": 286260818, "height_m": 85.0, "height_source": "tag:height", "kind": "yes", "name": ""}, "geometry": {"type": "Polygon", "coordinates": [[[-73.982413, 40.7509422], [-73.9824697, 40.7509657], [-73.9824381, 40.7510093], [-73.9824485, 40.7510136], [-73.9824858, 40.7509621], [-73.9824187, 40.7509343], [-73.982413, 40.7509422]]]}}, {"type": "Feature", "properties": {"layer": "building", "osm_id": 286260819, "height_m": 85.0, "height_source": "tag:height", "kind": "yes", "name": ""}, "geometry": {"type": "Polygon", "coordinates": [[[-73.9822708, 40.7508825], [-73.9822766, 40.7508747], [-73.9822106, 40.7508472], [-73.9821736, 40.7508981], [-73.9821838, 40.7509026], [-73.9822152, 40.7508594], [-73.9822708, 40.7508825]]]}}, {"type": "Feature", "properties": {"layer": "building", "osm_id": 286260820, "height_m": 133.0, "height_source": "tag:height", "kind": "yes", "name": ""}, "geometry": {"type": "Polygon", "coordinates": [[[-73.9824039, 40.7509549], [-73.9824222, 40.7509622], [-73.9824269, 40.750984], [-73.9824158, 40.7509997], [-73.9824381, 40.7510093], [-73.9824697, 40.7509657], [-73.982413, 40.7509422], [-73.9824039, 40.7509549]]]}}, {"type": "Feature", "properties": {"layer": "building", "osm_id": 286260821, "height_m": 133.0, "height_source": "tag:height", "kind": "yes", "name": ""}, "geometry": {"type": "Polygon", "coordinates": [[[-73.9822047, 40.7509114], [-73.9822164, 40.7508959], [-73.9822434, 40.7508874], [-73.9822612, 40.7508953], [-73.9822708, 40.7508825], [-73.9822152, 40.7508594], [-73.9821838, 40.7509026], [-73.9822047, 40.7509114]]]}}, {"type": "Feature", "properties": {"layer": "building", "osm_id": 286260822, "height_m": 186.0, "height_source": "tag:height", "kind": "yes", "name": ""}, "geometry": {"type": "Polygon", "coordinates": [[[-73.982358, 40.7510794], [-73.9823236, 40.7510652], [-73.9821811, 40.7510055], [-73.9821467, 40.7509912], [-73.9822047, 40.7509114], [-73.9822391, 40.7509257], [-73.9823815, 40.7509852], [-73.9824158, 40.7509997], [-73.982358, 40.7510794]]]}}, {"type": "Feature", "properties": {"layer": "building", "osm_id": 286260823, "height_m": 133.0, "height_source": "tag:height", "kind": "yes", "name": ""}, "geometry": {"type": "Polygon", "coordinates": [[[-73.9823016, 40.7510957], [-73.982291, 40.7511105], [-73.9823359, 40.7511292], [-73.9823515, 40.7511077], [-73.9823629, 40.7511125], [-73.98238, 40.7510891], [-73.982358, 40.7510794], [-73.9823464, 40.751095], [-73.9823195, 40.7511035], [-73.9823016, 40.7510957]]]}}, {"type": "Feature", "properties": {"layer": "building", "osm_id": 286407294, "height_m": 52.0, "height_source": "tag:height", "kind": "yes", "name": ""}, "geometry": {"type": "Polygon", "coordinates": [[[-73.9809279, 40.7508728], [-73.9812199, 40.7504698], [-73.9816292, 40.7506399], [-73.9816015, 40.750678], [-73.981569, 40.7507212], [-73.981522, 40.7507868], [-73.9814487, 40.7508858], [-73.9814017, 40.7509513], [-73.9813698, 40.7509969], [-73.9813365, 40.7510427], [-73.9809279, 40.7508728]]]}}, {"type": "Feature", "properties": {"layer": "building", "osm_id": 286407295, "height_m": 86.0, "height_source": "tag:height", "kind": "yes", "name": ""}, "geometry": {"type": "Polygon", "coordinates": [[[-73.9812712, 40.7508126], [-73.9812242, 40.7508782], [-73.9814017, 40.7509513], [-73.9814487, 40.7508858], [-73.9813164, 40.7508313], [-73.9812712, 40.7508126]]]}}, {"type": "Feature", "properties": {"layer": "building", "osm_id": 286407296, "height_m": 86.0, "height_source": "tag:height", "kind": "yes", "name": ""}, "geometry": {"type": "Polygon", "coordinates": [[[-73.9813915, 40.7506481], [-73.9813445, 40.7507137], [-73.9813883, 40.7507321], [-73.981522, 40.7507868], [-73.981569, 40.7507212], [-73.9813915, 40.7506481]]]}}, {"type": "Feature", "properties": {"layer": "building", "osm_id": 286407297, "height_m": 91.0, "height_source": "tag:height", "kind": "yes", "name": ""}, "geometry": {"type": "Polygon", "coordinates": [[[-73.9813164, 40.7508313], [-73.9812712, 40.7508126], [-73.9812201, 40.7507912], [-73.9812919, 40.7506921], [-73.9813445, 40.7507137], [-73.9813883, 40.7507321], [-73.9813164, 40.7508313]]]}}, {"type": "Feature", "properties": {"layer": "building", "osm_id": 286407298, "height_m": 64.0, "height_source": "tag:height", "kind": "yes", "name": ""}, "geometry": {"type": "Polygon", "coordinates": [[[-73.981025, 40.7508525], [-73.9812577, 40.7505338], [-73.9816015, 40.750678], [-73.981522, 40.7507868], [-73.9814487, 40.7508858], [-73.9814017, 40.7509513], [-73.9813698, 40.7509969], [-73.981025, 40.7508525]]]}}, {"type": "Feature", "properties": {"layer": "building", "osm_id": 286407299, "height_m": 76.0, "height_source": "tag:height", "kind": "yes", "name": ""}, "geometry": {"type": "Polygon", "coordinates": [[[-73.9811163, 40.750833], [-73.981283, 40.7506028], [-73.9813915, 40.7506481], [-73.981569, 40.7507212], [-73.981522, 40.7507868], [-73.9814487, 40.7508858], [-73.9814017, 40.7509513], [-73.9812242, 40.7508782], [-73.9811163, 40.750833]]]}}, {"type": "Feature", "properties": {"layer": "building", "osm_id": 286407300, "height_m": 40.0, "height_source": "tag:height", "kind": "yes", "name": ""}, "geometry": {"type": "Polygon", "coordinates": [[[-73.9816292, 40.7506399], [-73.9816548, 40.7506048], [-73.9811895, 40.7504107], [-73.9808476, 40.7508811], [-73.9813128, 40.7510752], [-73.9813365, 40.7510427], [-73.9809279, 40.7508728], [-73.9812199, 40.7504698], [-73.9816292, 40.7506399]]]}}, {"type": "Feature", "properties": {"layer": "building", "osm_id": 289747639, "height_m": 110.0, "height_source": "tag:height", "kind": "yes", "name": ""}, "geometry": {"type": "Polygon", "coordinates": [[[-73.9817028, 40.7516977], [-73.9815994, 40.751654], [-73.9816296, 40.7516126], [-73.9815931, 40.7515972], [-73.9816825, 40.751475], [-73.9819717, 40.7515964], [-73.9818519, 40.7517602], [-73.9817974, 40.7517373], [-73.981848, 40.7516682], [-73.9817534, 40.7516285], [-73.9817028, 40.7516977]]]}}, {"type": "Feature", "properties": {"layer": "building", "osm_id": 289747640, "height_m": 123.5, "height_source": "tag:height", "kind": "yes", "name": ""}, "geometry": {"type": "Polygon", "coordinates": [[[-73.981848, 40.7516682], [-73.9817974, 40.7517373], [-73.9817028, 40.7516977], [-73.9817534, 40.7516285], [-73.981848, 40.7516682]]]}}, {"type": "Feature", "properties": {"layer": "building", "osm_id": 289747641, "height_m": 33.0, "height_source": "tag:height", "kind": "yes", "name": ""}, "geometry": {"type": "Polygon", "coordinates": [[[-73.9818519, 40.7517602], [-73.9819116, 40.7517853], [-73.9820584, 40.7515846], [-73.9817094, 40.7514382], [-73.9816825, 40.751475], [-73.9819717, 40.7515964], [-73.9818519, 40.7517602]]]}}, {"type": "Feature", "properties": {"layer": "building", "osm_id": 289755406, "height_m": 102.0, "height_source": "tag:height", "kind": "yes", "name": ""}, "geometry": {"type": "Polygon", "coordinates": [[[-73.9813366, 40.7523567], [-73.9813109, 40.7523517], [-73.9812858, 40.7523441], [-73.9812654, 40.7523356], [-73.9812459, 40.7523248], [-73.9812295, 40.7523123], [-73.9812234, 40.7523059], [-73.9812288, 40.7522989], [-73.9813531, 40.7523502], [-73.9813476, 40.7523575], [-73.9813366, 40.7523567]]]}}, {"type": "Feature", "properties": {"layer": "building", "osm_id": 289755407, "height_m": 102.0, "height_source": "tag:height", "kind": "yes", "name": ""}, "geometry": {"type": "Polygon", "coordinates": [[[-73.9813387, 40.752163], [-73.9813644, 40.7521681], [-73.9813895, 40.7521757], [-73.9814098, 40.7521842], [-73.9814293, 40.7521951], [-73.9814456, 40.7522076], [-73.9814527, 40.7522144], [-73.9814477, 40.7522213], [-73.9813224, 40.7521695], [-73.9813276, 40.7521622], [-73.9813387, 40.752163]]]}}, {"type": "Feature", "properties": {"layer": "building", "osm_id": 289755408, "height_m": 102.0, "height_source": "tag:height", "kind": "yes", "name": ""}, "geometry": {"type": "Polygon", "coordinates": [[[-73.9812053, 40.7522583], [-73.9812071, 40.7522529], [-73.9812116, 40.7522391], [-73.9812217, 40.7522201], [-73.9812329, 40.7522046], [-73.9812472, 40.7521898], [-73.9812589, 40.7521807], [-73.9812643, 40.7521765], [-73.9812816, 40.7521836], [-73.9812228, 40.7522655], [-73.9812053, 40.7522583]]]}}, {"type": "Feature", "properties": {"layer": "building", "osm_id": 289755409, "height_m": 97.0, "height_source": "tag:height", "kind": "yes", "name": ""}, "geometry": {"type": "Polygon", "coordinates": [[[-73.9811018, 40.7522104], [-73.9811167, 40.7521895], [-73.9811542, 40.7521369], [-73.9812511, 40.7521769], [-73.9812589, 40.7521807], [-73.9812472, 40.7521898], [-73.9812329, 40.7522046], [-73.9812217, 40.7522201], [-73.9812116, 40.7522391], [-73.9812071, 40.7522529], [-73.9811968, 40.7522495], [-73.9811018, 40.7522104]]]}}, {"type": "Feature", "properties": {"layer": "building", "osm_id": 289755410, "height_m": 105.0, "height_source": "tag:height", "kind": "yes", "name": ""}, "geometry": {"type": "Polygon", "coordinates": [[[-73.9813769, 40.7523601], [-73.9813531, 40.7523502], [-73.9812288, 40.7522989], [-73.9812056, 40.7522893], [-73.9812228, 40.7522655], [-73.9812816, 40.7521836], [-73.9812988, 40.7521598], [-73.9813224, 40.7521695], [-73.9814477, 40.7522213], [-73.9814701, 40.7522306], [-73.9814524, 40.7522552], [-73.981394, 40.7523364], [-73.9813769, 40.7523601]]]}}, {"type": "Feature", "properties": {"layer": "building", "osm_id": 289755411, "height_m": 113.0, "height_source": "tag:height", "kind": "yes", "name": ""}, "geometry": {"type": "Polygon", "coordinates": [[[-73.9813699, 40.7523419], [-73.9813486, 40.752287], [-73.9813021, 40.7522678], [-73.9812297, 40.752284], [-73.9813699, 40.7523419]]]}}, {"type": "Feature", "properties": {"layer": "building", "osm_id": 289755412, "height_m": 113.0, "height_source": "tag:height", "kind": "yes", "name": ""}, "geometry": {"type": "Polygon", "coordinates": [[[-73.9814462, 40.7522359], [-73.9813738, 40.752252], [-73.9813273, 40.7522328], [-73.981306, 40.752178], [-73.9814462, 40.7522359]]]}}, {"type": "Feature", "properties": {"layer": "building", "osm_id": 289755413, "height_m": 113.0, "height_source": "tag:height", "kind": "yes", "name": ""}, "geometry": {"type": "Polygon", "coordinates": [[[-73.981306, 40.752178], [-73.9813273, 40.7522328], [-73.9813021, 40.7522678], [-73.9812297, 40.752284], [-73.981306, 40.752178]]]}}, {"type": "Feature", "properties": {"layer": "building", "osm_id": 289755414, "height_m": 114.6, "height_source": "tag:height", "kind": "yes", "name": ""}, "geometry": {"type": "Polygon", "coordinates": [[[-73.981351, 40.7522931], [-73.9812941, 40.7522696], [-73.9813249, 40.7522267], [-73.9813819, 40.7522503], [-73.981351, 40.7522931]]]}}, {"type": "Feature", "properties": {"layer": "building", "osm_id": 289755415, "height_m": 113.0, "height_source": "tag:height", "kind": "yes", "name": ""}, "geometry": {"type": "Polygon", "coordinates": [[[-73.9814462, 40.7522359], [-73.9813738, 40.752252], [-73.9813486, 40.752287], [-73.9813699, 40.7523419], [-73.9814462, 40.7522359]]]}}, {"type": "Feature", "properties": {"layer": "building", "osm_id": 289755416, "height_m": 97.0, "height_source": "tag:height", "kind": "yes", "name": ""}, "geometry": {"type": "Polygon", "coordinates": [[[-73.9814477, 40.7522213], [-73.9814527, 40.7522144], [-73.9814596, 40.7522047], [-73.9815098, 40.7522255], [-73.9814802, 40.7522667], [-73.9814701, 40.7522625], [-73.9814524, 40.7522552], [-73.9814701, 40.7522306], [-73.9814477, 40.7522213]]]}}, {"type": "Feature", "properties": {"layer": "building", "osm_id": 289755417, "height_m": 102.0, "height_source": "tag:height", "kind": "yes", "name": ""}, "geometry": {"type": "Polygon", "coordinates": [[[-73.9814701, 40.7522625], [-73.9814634, 40.7522819], [-73.9814533, 40.7523009], [-73.981442, 40.7523163], [-73.9814276, 40.7523311], [-73.9814112, 40.7523434], [-73.981394, 40.7523364], [-73.9814524, 40.7522552], [-73.9814701, 40.7522625]]]}}, {"type": "Feature", "properties": {"layer": "building", "osm_id": 289755418, "height_m": 97.0, "height_source": "tag:height", "kind": "yes", "name": ""}, "geometry": {"type": "Polygon", "coordinates": [[[-73.9813531, 40.7523502], [-73.9813476, 40.7523575], [-73.9813412, 40.7523667], [-73.9813914, 40.7523875], [-73.9814206, 40.7523474], [-73.9814112, 40.7523434], [-73.981394, 40.7523364], [-73.9813769, 40.7523601], [-73.9813531, 40.7523502]]]}}, {"type": "Feature", "properties": {"layer": "building", "osm_id": 289755419, "height_m": 97.0, "height_source": "tag:height", "kind": "yes", "name": ""}, "geometry": {"type": "Polygon", "coordinates": [[[-73.9812288, 40.7522989], [-73.9812234, 40.7523059], [-73.9812169, 40.7523154], [-73.9811653, 40.7522938], [-73.9811968, 40.7522495], [-73.9812071, 40.7522529], [-73.9812053, 40.7522583], [-73.9812228, 40.7522655], [-73.9812056, 40.7522893], [-73.9812288, 40.7522989]]]}}, {"type": "Feature", "properties": {"layer": "building", "osm_id": 289755420, "height_m": 97.0, "height_source": "tag:height", "kind": "yes", "name": ""}, "geometry": {"type": "Polygon", "coordinates": [[[-73.9813224, 40.7521695], [-73.9813276, 40.7521622], [-73.9813342, 40.7521532], [-73.9812841, 40.7521324], [-73.9812511, 40.7521769], [-73.9812589, 40.7521807], [-73.9812643, 40.7521765], [-73.9812816, 40.7521836], [-73.9812988, 40.7521598], [-73.9813224, 40.7521695]]]}}, {"type": "Feature", "properties": {"layer": "building", "osm_id": 290531562, "height_m": 103.0, "height_source": "tag:height", "kind": "yes", "name": ""}, "geometry": {"type": "Polygon", "coordinates": [[[-73.9831733, 40.7507029], [-73.9831896, 40.7506804], [-73.9832041, 40.7506864], [-73.9831877, 40.7507089], [-73.9831733, 40.7507029]]]}}, {"type": "Feature", "properties": {"layer": "building", "osm_id": 290531564, "height_m": 50.0, "height_source": "tag:height", "kind": "yes", "name": ""}, "geometry": {"type": "Polygon", "coordinates": [[[-73.9831189, 40.7507771], [-73.9831353, 40.7507546], [-73.9831501, 40.7507608], [-73.9831337, 40.7507833], [-73.9831189, 40.7507771]]]}}, {"type": "Feature", "properties": {"layer": "building", "osm_id": 290531565, "height_m": 30.0, "height_source": "tag:height", "kind": "yes", "name": ""}, "geometry": {"type": "Polygon", "coordinates": [[[-73.9832184, 40.7505953], [-73.9831709, 40.7506603], [-73.9831554, 40.7506538], [-73.9832028, 40.7505888], [-73.9832184, 40.7505953]]]}}, {"type": "Feature", "properties": {"layer": "building", "osm_id": 290531567, "height_m": 30.0, "height_source": "tag:height", "kind": "yes", "name": ""}, "geometry": {"type": "Polygon", "coordinates": [[[-73.9830778, 40.7507879], [-73.9830623, 40.7507814], [-73.9830115, 40.7508509], [-73.9830271, 40.7508574], [-73.9830778, 40.7507879]]]}}, {"type": "Feature", "properties": {"layer": "building", "osm_id": 290531568, "height_m": 50.0, "height_source": "tag:height", "kind": "yes", "name": ""}, "geometry": {"type": "Polygon", "coordinates": [[[-73.9830142, 40.7509213], [-73.9830301, 40.7508994], [-73.9832637, 40.7509968], [-73.9832478, 40.7510186], [-73.9830142, 40.7509213]]]}}, {"type": "Feature", "properties": {"layer": "building", "osm_id": 290531570, "height_m": 50.0, "height_source": "tag:height", "kind": "yes", "name": ""}, "geometry": {"type": "Polygon", "coordinates": [[[-73.9831568, 40.7507256], [-73.9831733, 40.7507029], [-73.9831877, 40.7507089], [-73.9831713, 40.7507316], [-73.9831568, 40.7507256]]]}}, {"type": "Feature", "properties": {"layer": "building", "osm_id": 290531571, "height_m": 35.0, "height_source": "tag:height", "kind": "yes", "name": ""}, "geometry": {"type": "Polygon", "coordinates": [[[-73.9833939, 40.7511471], [-73.9833655, 40.7511346], [-73.9833326, 40.7511202], [-73.9833603, 40.7510841], [-73.9834216, 40.751111], [-73.9833939, 40.7511471]]]}}, {"type": "Feature", "properties": {"layer": "building", "osm_id": 290531573, "height_m": 35.0, "height_source": "tag:height", "kind": "yes", "name": ""}, "geometry": {"type": "Polygon", "coordinates": [[[-73.9830841, 40.7507515], [-73.9830996, 40.750758], [-73.9831496, 40.7506895], [-73.983134, 40.750683], [-73.9830841, 40.7507515]]]}}, {"type": "Feature", "properties": {"layer": "building", "osm_id": 290531574, "height_m": 103.0, "height_source": "tag:height", "kind": "yes", "name": ""}, "geometry": {"type": "Polygon", "coordinates": [[[-73.9831024, 40.7507998], [-73.9831189, 40.7507771], [-73.9831337, 40.7507833], [-73.9831173, 40.750806], [-73.9831024, 40.7507998]]]}}, {"type": "Feature", "properties": {"layer": "building", "osm_id": 290531576, "height_m": 113.0, "height_source": "tag:height", "kind": "yes", "name": ""}, "geometry": {"type": "Polygon", "coordinates": [[[-73.9830957, 40.7508356], [-73.9830796, 40.7508579], [-73.9834384, 40.7510074], [-73.9834545, 40.7509851], [-73.9830957, 40.7508356]]]}}, {"type": "Feature", "properties": {"layer": "building", "osm_id": 290531577, "height_m": 30.0, "height_source": "tag:height", "kind": "yes", "name": ""}, "geometry": {"type": "Polygon", "coordinates": [[[-73.9831456, 40.751026], [-73.9831369, 40.7510377], [-73.9832309, 40.7510773], [-73.9832396, 40.7510656], [-73.9831456, 40.751026]]]}}, {"type": "Feature", "properties": {"layer": "building", "osm_id": 290531578, "height_m": 103.0, "height_source": "tag:height", "kind": "yes", "name": ""}, "geometry": {"type": "Polygon", "coordinates": [[[-73.9830472, 40.7508758], [-73.9830301, 40.7508994], [-73.9832637, 40.7509968], [-73.9833325, 40.7510255], [-73.9833497, 40.7510019], [-73.9830472, 40.7508758]]]}}, {"type": "Feature", "properties": {"layer": "building", "osm_id": 290531580, "height_m": 103.0, "height_source": "tag:height", "kind": "yes", "name": ""}, "geometry": {"type": "Polygon", "coordinates": [[[-73.9832456, 40.7506033], [-73.9832624, 40.7505802], [-73.9834061, 40.7506409], [-73.9834351, 40.7506521], [-73.9834183, 40.7506752], [-73.9832456, 40.7506033]]]}}, {"type": "Feature", "properties": {"layer": "building", "osm_id": 290531581, "height_m": 50.0, "height_source": "tag:height", "kind": "yes", "name": ""}, "geometry": {"type": "Polygon", "coordinates": [[[-73.9832624, 40.7505802], [-73.9832787, 40.7505577], [-73.9834066, 40.75061], [-73.9834234, 40.7506171], [-73.9834061, 40.7506409], [-73.9832624, 40.7505802]]]}}, {"type": "Feature", "properties": {"layer": "building", "osm_id": 290531583, "height_m": 113.0, "height_source": "tag:height", "kind": "yes", "name": ""}, "geometry": {"type": "Polygon", "coordinates": [[[-73.9832263, 40.7506559], [-73.9832425, 40.7506336], [-73.9836012, 40.7507831], [-73.9835904, 40.7507981], [-73.9835851, 40.7508054], [-73.9832263, 40.7506559]]]}}, {"type": "Feature", "properties": {"layer": "building", "osm_id": 290531584, "height_m": 40.0, "height_source": "tag:height", "kind": "yes", "name": ""}, "geometry": {"type": "Polygon", "coordinates": [[[-73.9834216, 40.751111], [-73.9833603, 40.7510841], [-73.9833326, 40.7511202], [-73.9832309, 40.7510773], [-73.9832396, 40.7510656], [-73.9831456, 40.751026], [-73.9831369, 40.7510377], [-73.9830368, 40.7509956], [-73.9830453, 40.7509837], [-73.9829605, 40.7509487], [-73.983005, 40.7508877], [-73.9829895, 40.7508812], [-73.9830115, 40.7508509], [-73.9830271, 40.7508574], [-73.9830778, 40.7507879], [-73.9830623, 40.7507814], [-73.9830841, 40.7507515], [-73.9830996, 40.750758], [-73.9831496, 40.7506895], [-73.983134, 40.750683], [-73.9831554, 40.7506538], [-73.9831709, 40.7506603], [-73.9832184, 40.7505953], [-73.9832028, 40.7505888], [-73.9832263, 40.7505566], [-73.9832419, 40.7505631], [-73.983282, 40.7505081], [-73.9833757, 40.7505491], [-73.9833848, 40.750537], [-73.9834422, 40.7505612], [-73.9834066, 40.75061], [-73.9832787, 40.7505577], [-73.9832624, 40.7505802], [-73.9832456, 40.7506033], [-73.9831896, 40.7506804], [-73.9831733, 40.7507029], [-73.9831568, 40.7507256], [-73.9831713, 40.7507316], [-73.9831501, 40.7507608], [-73.9831353, 40.7507546], [-73.9831189, 40.7507771], [-73.9831024, 40.7507998], [-73.9830472, 40.7508758], [-73.9830301, 40.7508994], [-73.9830142, 40.7509213], [-73.9832478, 40.7510186], [-73.9832637, 40.7509968], [-73.9833325, 40.7510255], [-73.9833497, 40.7510019], [-73.9834209, 40.7510315], [-73.9834384, 40.7510074], [-73.9834545, 40.7509851], [-73.9835851, 40.7508054], [-73.9835904, 40.7507981], [-73.9836349, 40.7508169], [-73.9834216, 40.751111]]]}}, {"type": "Feature", "properties": {"layer": "building", "osm_id": 290531585, "height_m": 35.0, "height_source": "tag:height", "kind": "yes", "name": ""}, "geometry": {"type": "Polygon", "coordinates": [[[-73.9830368, 40.7509956], [-73.9830453, 40.7509837], [-73.9829605, 40.7509487], [-73.983005, 40.7508877], [-73.9829895, 40.7508812], [-73.9829363, 40.750954], [-73.9830368, 40.7509956]]]}}, {"type": "Feature", "properties": {"layer": "building", "osm_id": 290531586, "height_m": 35.0, "height_source": "tag:height", "kind": "yes", "name": ""}, "geometry": {"type": "Polygon", "coordinates": [[[-73.9833848, 40.750537], [-73.9833757, 40.7505491], [-73.983282, 40.7505081], [-73.9832419, 40.7505631], [-73.9832263, 40.7505566], [-73.9832746, 40.7504904], [-73.9833848, 40.750537]]]}}, {"type": "Feature", "properties": {"layer": "building", "osm_id": 290531587, "height_m": 107.0, "height_source": "tag:height", "kind": "yes", "name": ""}, "geometry": {"type": "Polygon", "coordinates": [[[-73.9834384, 40.7510074], [-73.9834209, 40.7510315], [-73.9833497, 40.7510019], [-73.9830472, 40.7508758], [-73.9831024, 40.7507998], [-73.9831173, 40.750806], [-73.9830957, 40.7508356], [-73.9830796, 40.7508579], [-73.9834384, 40.7510074]]]}}, {"type": "Feature", "properties": {"layer": "building", "osm_id": 290531588, "height_m": 107.0, "height_source": "tag:height", "kind": "yes", "name": ""}, "geometry": {"type": "Polygon", "coordinates": [[[-73.9836012, 40.7507831], [-73.9836189, 40.7507588], [-73.9834183, 40.7506752], [-73.9832456, 40.7506033], [-73.9831896, 40.7506804], [-73.9832041, 40.7506864], [-73.9832263, 40.7506559], [-73.9832425, 40.7506336], [-73.9836012, 40.7507831]]]}}, {"type": "Feature", "properties": {"layer": "building", "osm_id": 290531589, "height_m": 119.2, "height_source": "tag:height", "kind": "yes", "name": ""}, "geometry": {"type": "Polygon", "coordinates": [[[-73.9830957, 40.7508356], [-73.9831173, 40.750806], [-73.9831337, 40.7507833], [-73.9831501, 40.7507608], [-73.9831713, 40.7507316], [-73.9831877, 40.7507089], [-73.9832263, 40.7506559], [-73.9835851, 40.7508054], [-73.9834545, 40.7509851], [-73.9830957, 40.7508356]]]}}, {"type": "Feature", "properties": {"layer": "building", "osm_id": 290669510, "height_m": 68.6, "height_source": "tag:height", "kind": "yes", "name": ""}, "geometry": {"type": "Polygon", "coordinates": [[[-73.9810054, 40.7500029], [-73.9809867, 40.7499951], [-73.9810019, 40.7499743], [-73.9810206, 40.7499821], [-73.9810054, 40.7500029]]]}}, {"type": "Feature", "properties": {"layer": "building", "osm_id": 290669511, "height_m": 67.0, "height_source": "tag:height", "kind": "yes", "name": ""}, "geometry": {"type": "Polygon", "coordinates": [[[-73.9810104, 40.7500519], [-73.9808337, 40.7499778], [-73.9809013, 40.7498844], [-73.9810783, 40.7499587], [-73.9810104, 40.7500519]]]}}, {"type": "Feature", "properties": {"layer": "building", "osm_id": 290669512, "height_m": 60.0, "height_source": "tag:height", "kind": "yes", "name": ""}, "geometry": {"type": "Polygon", "coordinates": [[[-73.9809921, 40.7500772], [-73.9810104, 40.7500519], [-73.9810443, 40.7500659], [-73.9810257, 40.7500913], [-73.9809921, 40.7500772]]]}}, {"type": "Feature", "properties": {"layer": "building", "osm_id": 290669518, "height_m": 58.0, "height_source": "tag:height", "kind": "yes", "name": ""}, "geometry": {"type": "Polygon", "coordinates": [[[-73.9810174, 40.7500702], [-73.9808091, 40.7499829], [-73.9808944, 40.7498661], [-73.9811027, 40.7499534], [-73.9810174, 40.7500702]]]}}, {"type": "Feature", "properties": {"layer": "building", "osm_id": 290669521, "height_m": 45.0, "height_source": "tag:height", "kind": "yes", "name": ""}, "geometry": {"type": "Polygon", "coordinates": [[[-73.9812247, 40.7499249], [-73.9810536, 40.7501609], [-73.9809383, 40.7501125], [-73.9809785, 40.7500576], [-73.9810697, 40.7499329], [-73.9811106, 40.7498771], [-73.9812247, 40.7499249]]]}}, {"type": "Feature", "properties": {"layer": "building", "osm_id": 290669524, "height_m": 52.0, "height_source": "tag:height", "kind": "yes", "name": ""}, "geometry": {"type": "Polygon", "coordinates": [[[-73.9807349, 40.7499548], [-73.9808264, 40.74983], [-73.9809323, 40.7498748], [-73.9810697, 40.7499329], [-73.9811764, 40.749978], [-73.9810881, 40.7501038], [-73.9809785, 40.7500576], [-73.9808398, 40.7499991], [-73.9807349, 40.7499548]]]}}, {"type": "Feature", "properties": {"layer": "building", "osm_id": 290669529, "height_m": 50.0, "height_source": "tag:height", "kind": "yes", "name": ""}, "geometry": {"type": "Polygon", "coordinates": [[[-73.9809911, 40.7500631], [-73.9809693, 40.7500929], [-73.9809818, 40.7501268], [-73.9810212, 40.7501433], [-73.9810663, 40.7501336], [-73.9810881, 40.7501038], [-73.9810749, 40.7500699], [-73.9810355, 40.7500534], [-73.9809911, 40.7500631]]]}}, {"type": "Feature", "properties": {"layer": "building", "osm_id": 290669530, "height_m": 53.0, "height_source": "tag:height", "kind": "yes", "name": ""}, "geometry": {"type": "Polygon", "coordinates": [[[-73.9810231, 40.7500935], [-73.9810202, 40.7500974], [-73.9810222, 40.7501027], [-73.981027, 40.7501047], [-73.9810343, 40.7501031], [-73.981037, 40.7500995], [-73.9810349, 40.7500942], [-73.9810298, 40.750092], [-73.9810231, 40.7500935]]]}}, {"type": "Feature", "properties": {"layer": "building", "osm_id": 291100168, "height_m": 46.0, "height_source": "tag:height", "kind": "yes", "name": ""}, "geometry": {"type": "Polygon", "coordinates": [[[-73.9810329, 40.7529988], [-73.9811477, 40.7528416], [-73.981131, 40.7528038], [-73.9808422, 40.7526818], [-73.9808307, 40.7526976], [-73.9806343, 40.7526122], [-73.9806255, 40.7526242], [-73.9805394, 40.7527419], [-73.9807184, 40.7528192], [-73.9809005, 40.7528975], [-73.9808771, 40.7529313], [-73.9809931, 40.7529816], [-73.9810329, 40.7529988]]]}}, {"type": "Feature", "properties": {"layer": "building", "osm_id": 291100169, "height_m": 57.0, "height_source": "tag:height", "kind": "yes", "name": ""}, "geometry": {"type": "Polygon", "coordinates": [[[-73.9809931, 40.7529816], [-73.9811037, 40.7528293], [-73.9806255, 40.7526242], [-73.9805394, 40.7527419], [-73.9807184, 40.7528192], [-73.9809005, 40.7528975], [-73.9808771, 40.7529313], [-73.9809931, 40.7529816]]]}}, {"type": "Feature", "properties": {"layer": "building", "osm_id": 291100170, "height_m": 62.5, "height_source": "tag:height", "kind": "yes", "name": ""}, "geometry": {"type": "Polygon", "coordinates": [[[-73.9809488, 40.7528796], [-73.9809327, 40.7529015], [-73.9807414, 40.7528207], [-73.9807574, 40.7527988], [-73.9806921, 40.7527712], [-73.9807438, 40.752701], [-73.9810483, 40.7528296], [-73.9809966, 40.7528998], [-73.9809488, 40.7528796]]]}}, {"type": "Feature", "properties": {"layer": "building", "osm_id": 292055454, "height_m": 22.0, "height_source": "tag:height", "kind": "yes", "name": ""}, "geometry": {"type": "Polygon", "coordinates": [[[-73.9818849, 40.7532019], [-73.9820165, 40.7532565], [-73.9819795, 40.7533084], [-73.9817211, 40.7531984], [-73.9817606, 40.7531446], [-73.9816942, 40.7531158], [-73.9817686, 40.753014], [-73.9818541, 40.7528973], [-73.9819179, 40.7529241], [-73.9819668, 40.752858], [-73.9820524, 40.752894], [-73.9821988, 40.7529553], [-73.982224, 40.7529659], [-73.9821883, 40.7530146], [-73.9820592, 40.7529617], [-73.9818849, 40.7532019]]]}}, {"type": "Feature", "properties": {"layer": "building", "osm_id": 292055455, "height_m": 22.0, "height_source": "tag:height", "kind": "yes", "name": ""}, "geometry": {"type": "Polygon", "coordinates": [[[-73.9819795, 40.7533084], [-73.9820165, 40.7532565], [-73.9821883, 40.7530146], [-73.982224, 40.7529659], [-73.982322, 40.7528322], [-73.9825731, 40.7529379], [-73.9828865, 40.7530737], [-73.9829481, 40.752993], [-73.9829495, 40.7529913], [-73.9829827, 40.752948], [-73.9826105, 40.7527907], [-73.9825202, 40.7527526], [-73.982157, 40.7525994], [-73.9819668, 40.752858], [-73.9819179, 40.7529241], [-73.9817606, 40.7531446], [-73.9817211, 40.7531984], [-73.9815082, 40.7534906], [-73.9818482, 40.7536337], [-73.9819696, 40.7536841], [-73.9823315, 40.7538369], [-73.9823919, 40.7537554], [-73.9823952, 40.7537509], [-73.9824346, 40.7536966], [-73.9821195, 40.7535632], [-73.9818706, 40.7534615], [-73.9819795, 40.7533084]]]}}, {"type": "Feature", "properties": {"layer": "building", "osm_id": 292055456, "height_m": 24.0, "height_source": "tag:height", "kind": "yes", "name": ""}, "geometry": {"type": "Polygon", "coordinates": [[[-73.9821988, 40.7529553], [-73.9820524, 40.752894], [-73.9821949, 40.7526937], [-73.9823423, 40.7527539], [-73.9821988, 40.7529553]]]}}, {"type": "Feature", "properties": {"layer": "building", "osm_id": 292055457, "height_m": 35.0, "height_source": "tag:height", "kind": "yes", "name": ""}, "geometry": {"type": "Polygon", "coordinates": [[[-73.9818849, 40.7532019], [-73.9820592, 40.7529617], [-73.9821883, 40.7530146], [-73.9824405, 40.7531207], [-73.9825972, 40.7531857], [-73.9824205, 40.7534257], [-73.9822665, 40.7533606], [-73.9820165, 40.7532565], [-73.9818849, 40.7532019]]]}}, {"type": "Feature", "properties": {"layer": "building", "osm_id": 292055458, "height_m": 35.0, "height_source": "tag:height", "kind": "yes", "name": ""}, "geometry": {"type": "Polygon", "coordinates": [[[-73.9820756, 40.7536237], [-73.9821195, 40.7535632], [-73.9822665, 40.7533606], [-73.9824405, 40.7531207], [-73.9825731, 40.7529379], [-73.9826309, 40.7528582], [-73.9829495, 40.7529913], [-73.9829481, 40.752993], [-73.9828865, 40.7530737], [-73.9824544, 40.7536694], [-73.9824346, 40.7536966], [-73.9823952, 40.7537509], [-73.9823919, 40.7537554], [-73.9820756, 40.7536237]]]}}, {"type": "Feature", "properties": {"layer": "building", "osm_id": 292055802, "height_m": 29.0, "height_source": "tag:height", "kind": "yes", "name": ""}, "geometry": {"type": "Polygon", "coordinates": [[[-73.9828968, 40.753078], [-73.9828865, 40.7530737], [-73.9829481, 40.752993], [-73.9829564, 40.7529964], [-73.9828968, 40.753078]]]}}, {"type": "Feature", "properties": {"layer": "building", "osm_id": 292055803, "height_m": 24.0, "height_source": "tag:height", "kind": "yes", "name": ""}, "geometry": {"type": "Polygon", "coordinates": [[[-73.9818549, 40.7532364], [-73.9817394, 40.7531884], [-73.9819696, 40.7528711], [-73.9820851, 40.7529191], [-73.9818549, 40.7532364]]]}}, {"type": "Feature", "properties": {"layer": "building", "osm_id": 292055806, "height_m": 15.0, "height_source": "tag:height", "kind": "yes", "name": ""}, "geometry": {"type": "Polygon", "coordinates": [[[-73.9824405, 40.7531207], [-73.9825731, 40.7529379], [-73.982322, 40.7528322], [-73.982224, 40.7529659], [-73.9821883, 40.7530146], [-73.9824405, 40.7531207]]]}}, {"type": "Feature", "properties": {"layer": "building", "osm_id": 292743602, "height_m": 80.0, "height_source": "tag:height", "kind": "yes", "name": "LeSoleil"}, "geometry": {"type": "Polygon", "coordinates": [[[-73.9854813, 40.7504099], [-73.9856397, 40.7501901], [-73.9854304, 40.7501114], [-73.9852767, 40.7503246], [-73.9854813, 40.7504099]]]}}, {"type": "Feature", "properties": {"layer": "building", "osm_id": 292840083, "height_m": 50.0, "height_source": "tag:height", "kind": "hotel", "name": "Best Western"}, "geometry": {"type": "Polygon", "coordinates": [[[-73.9856732, 40.7504272], [-73.9855849, 40.7503913], [-73.9855679, 40.7503843], [-73.9856647, 40.7502518], [-73.985768, 40.7502966], [-73.9856791, 40.750419], [-73.9856732, 40.7504272]]]}}, {"type": "Feature", "properties": {"layer": "building", "osm_id": 292840084, "height_m": 51.0, "height_source": "tag:height", "kind": "hotel", "name": "Holiday Inn Express"}, "geometry": {"type": "Polygon", "coordinates": [[[-73.985924, 40.7505414], [-73.9860671, 40.7505992], [-73.9860857, 40.7505734], [-73.9861685, 40.7504584], [-73.9860265, 40.7503993], [-73.9859439, 40.7505138], [-73.985924, 40.7505414]]]}}, {"type": "Feature", "properties": {"layer": "building", "osm_id": 292840085, "height_m": 81.4, "height_source": "tag:height", "kind": "hotel", "name": "Hyatt Place"}, "geometry": {"type": "Polygon", "coordinates": [[[-73.9859565, 40.7503752], [-73.9858676, 40.7504976], [-73.985855, 40.750515], [-73.9858243, 40.7505022], [-73.9856665, 40.7504364], [-73.9856732, 40.7504272], [-73.9856791, 40.750419], [-73.985768, 40.7502966], [-73.9859565, 40.7503752]]]}}, {"type": "Feature", "properties": {"layer": "building", "osm_id": 292840086, "height_m": 80.0, "height_source": "tag:height", "kind": "yes", "name": ""}, "geometry": {"type": "Polygon", "coordinates": [[[-73.9858676, 40.7504976], [-73.9859565, 40.7503752], [-73.985768, 40.7502966], [-73.9856791, 40.750419], [-73.9858676, 40.7504976]]]}}, {"type": "Feature", "properties": {"layer": "building", "osm_id": 292840087, "height_m": 55.0, "height_source": "tag:height", "kind": "yes", "name": ""}, "geometry": {"type": "Polygon", "coordinates": [[[-73.9860857, 40.7505734], [-73.9859439, 40.7505138], [-73.9860265, 40.7503993], [-73.9861685, 40.7504584], [-73.9860857, 40.7505734]]]}}, {"type": "Feature", "properties": {"layer": "building", "osm_id": 292840088, "height_m": 5.0, "height_source": "tag:height", "kind": "yes", "name": ""}, "geometry": {"type": "Polygon", "coordinates": [[[-73.9856791, 40.750419], [-73.9856732, 40.7504272], [-73.9856665, 40.7504364], [-73.9858243, 40.7505022], [-73.985855, 40.750515], [-73.9858676, 40.7504976], [-73.9856791, 40.750419]]]}}, {"type": "Feature", "properties": {"layer": "building", "osm_id": 302577379, "height_m": 85.3, "height_source": "tag:height", "kind": "yes", "name": ""}, "geometry": {"type": "Polygon", "coordinates": [[[-73.9850365, 40.7531432], [-73.9851442, 40.7529947], [-73.9850918, 40.7529729], [-73.9849673, 40.752921], [-73.9849754, 40.7529098], [-73.9849528, 40.7529004], [-73.9849723, 40.7528735], [-73.984936, 40.7528584], [-73.9848006, 40.753045], [-73.9848522, 40.7530665], [-73.9849896, 40.7531237], [-73.9850365, 40.7531432]]]}}, {"type": "Feature", "properties": {"layer": "building", "osm_id": 302577380, "height_m": 90.0, "height_source": "tag:height", "kind": "yes", "name": ""}, "geometry": {"type": "Polygon", "coordinates": [[[-73.9849673, 40.752921], [-73.984929, 40.7529738], [-73.9850535, 40.7530256], [-73.9850918, 40.7529729], [-73.9849673, 40.752921]]]}}, {"type": "Feature", "properties": {"layer": "building", "osm_id": 302577381, "height_m": 73.0, "height_source": "tag:height", "kind": "yes", "name": ""}, "geometry": {"type": "Polygon", "coordinates": [[[-73.9849509, 40.7528378], [-73.9852214, 40.7529515], [-73.9850697, 40.7531579], [-73.985055, 40.7531517], [-73.9852, 40.7529555], [-73.9849437, 40.7528478], [-73.9849509, 40.7528378]]]}}, {"type": "Feature", "properties": {"layer": "building", "osm_id": 302577382, "height_m": 67.0, "height_source": "tag:height", "kind": "yes", "name": ""}, "geometry": {"type": "Polygon", "coordinates": [[[-73.9849509, 40.7528378], [-73.9849581, 40.7528279], [-73.9852428, 40.7529476], [-73.9850844, 40.7531641], [-73.9850697, 40.7531579], [-73.9852214, 40.7529515], [-73.9849509, 40.7528378]]]}}, {"type": "Feature", "properties": {"layer": "building", "osm_id": 302577383, "height_m": 58.0, "height_source": "tag:height", "kind": "yes", "name": ""}, "geometry": {"type": "Polygon", "coordinates": [[[-73.9849725, 40.7528081], [-73.9852855, 40.7529397], [-73.9851138, 40.7531764], [-73.9850991, 40.7531702], [-73.9852641, 40.7529436], [-73.9849653, 40.752818], [-73.9849725, 40.7528081]]]}}, {"type": "Feature", "properties": {"layer": "building", "osm_id": 302577384, "height_m": 61.0, "height_source": "tag:height", "kind": "yes", "name": ""}, "geometry": {"type": "Polygon", "coordinates": [[[-73.9849653, 40.752818], [-73.9852641, 40.7529436], [-73.9850991, 40.7531702], [-73.9850844, 40.7531641], [-73.9852428, 40.7529476], [-73.9849581, 40.7528279], [-73.9849653, 40.752818]]]}}, {"type": "Feature", "properties": {"layer": "building", "osm_id": 302577385, "height_m": 88.5, "height_source": "tag:height", "kind": "yes", "name": ""}, "geometry": {"type": "Polygon", "coordinates": [[[-73.9849896, 40.7531237], [-73.985014, 40.7530901], [-73.984945, 40.7530614], [-73.9849543, 40.7530487], [-73.9848858, 40.7530202], [-73.9848522, 40.7530665], [-73.9849896, 40.7531237]]]}}, {"type": "Feature", "properties": {"layer": "building", "osm_id": 302577386, "height_m": 79.0, "height_source": "tag:height", "kind": "yes", "name": ""}, "geometry": {"type": "Polygon", "coordinates": [[[-73.9848006, 40.753045], [-73.984936, 40.7528584], [-73.9849437, 40.7528478], [-73.9852, 40.7529555], [-73.985055, 40.7531517], [-73.9850365, 40.7531432], [-73.9849896, 40.7531237], [-73.9848522, 40.7530665], [-73.9848006, 40.753045]]]}}, {"type": "Feature", "properties": {"layer": "building", "osm_id": 302584629, "height_m": 74.7, "height_source": "tag:height", "kind": "yes", "name": ""}, "geometry": {"type": "Polygon", "coordinates": [[[-73.9865838, 40.7510922], [-73.9863974, 40.7510158], [-73.9863594, 40.7510689], [-73.9863394, 40.7510607], [-73.9862425, 40.7511964], [-73.9862582, 40.7512029], [-73.9862091, 40.7512716], [-73.9861104, 40.7512312], [-73.986089, 40.7512611], [-73.986023, 40.7512341], [-73.9859393, 40.751352], [-73.9859743, 40.7513686], [-73.9859665, 40.7513795], [-73.9862857, 40.7515104], [-73.9865838, 40.7510922]]]}}, {"type": "Feature", "properties": {"layer": "building", "osm_id": 302760460, "height_m": 62.0, "height_source": "tag:height", "kind": "yes", "name": ""}, "geometry": {"type": "Polygon", "coordinates": [[[-73.9812564, 40.7525887], [-73.981395, 40.7523962], [-73.9813715, 40.7523865], [-73.9813303, 40.7524438], [-73.9812477, 40.7525585], [-73.9809644, 40.7524415], [-73.9808885, 40.7524101], [-73.9808737, 40.7524306], [-73.9809903, 40.7524788], [-73.9811937, 40.7525628], [-73.9812564, 40.7525887]]]}}, {"type": "Feature", "properties": {"layer": "building", "osm_id": 302760461, "height_m": 46.0, "height_source": "tag:height", "kind": "yes", "name": ""}, "geometry": {"type": "Polygon", "coordinates": [[[-73.9814206, 40.7524683], [-73.9814536, 40.7524206], [-73.981395, 40.7523962], [-73.9812564, 40.7525887], [-73.9811937, 40.7525628], [-73.9811794, 40.7525826], [-73.9811498, 40.7526238], [-73.9812718, 40.7526754], [-73.9813192, 40.7526104], [-73.9812994, 40.7526023], [-73.9814008, 40.7524602], [-73.9814206, 40.7524683]]]}}, {"type": "Feature", "properties": {"layer": "building", "osm_id": 302760462, "height_m": 71.0, "height_source": "tag:height", "kind": "yes", "name": ""}, "geometry": {"type": "Polygon", "coordinates": [[[-73.9813715, 40.7523865], [-73.9812846, 40.7523509], [-73.9812457, 40.7524053], [-73.981107, 40.752348], [-73.9811444, 40.7522957], [-73.9810096, 40.75224], [-73.9808885, 40.7524101], [-73.9809644, 40.7524415], [-73.9810363, 40.7523416], [-73.9812547, 40.7524326], [-73.9812658, 40.7524172], [-73.9813303, 40.7524438], [-73.9813715, 40.7523865]]]}}, {"type": "Feature", "properties": {"layer": "building", "osm_id": 302760463, "height_m": 55.0, "height_source": "tag:height", "kind": "yes", "name": ""}, "geometry": {"type": "Polygon", "coordinates": [[[-73.9811794, 40.7525826], [-73.9811937, 40.7525628], [-73.9809903, 40.7524788], [-73.980976, 40.7524986], [-73.9811794, 40.7525826]]]}}, {"type": "Feature", "properties": {"layer": "building", "osm_id": 302760464, "height_m": 93.5, "height_source": "tag:height", "kind": "yes", "name": ""}, "geometry": {"type": "Polygon", "coordinates": [[[-73.9812439, 40.7525489], [-73.9809772, 40.7524385], [-73.98104, 40.7523514], [-73.9813067, 40.7524619], [-73.9812439, 40.7525489]]]}}, {"type": "Feature", "properties": {"layer": "building", "osm_id": 302760465, "height_m": 37.0, "height_source": "tag:height", "kind": "yes", "name": ""}, "geometry": {"type": "Polygon", "coordinates": [[[-73.9814008, 40.7524602], [-73.9812994, 40.7526023], [-73.9813192, 40.7526104], [-73.9814206, 40.7524683], [-73.9814008, 40.7524602]]]}}, {"type": "Feature", "properties": {"layer": "building", "osm_id": 302760466, "height_m": 15.0, "height_source": "tag:height", "kind": "yes", "name": ""}, "geometry": {"type": "Polygon", "coordinates": [[[-73.9811498, 40.7526238], [-73.9809464, 40.7525398], [-73.9809563, 40.752526], [-73.980976, 40.7524986], [-73.9811794, 40.7525826], [-73.9811498, 40.7526238]]]}}, {"type": "Feature", "properties": {"layer": "building", "osm_id": 302760468, "height_m": 86.5, "height_source": "tag:height", "kind": "yes", "name": ""}, "geometry": {"type": "Polygon", "coordinates": [[[-73.9812477, 40.7525585], [-73.9809644, 40.7524415], [-73.9810363, 40.7523416], [-73.9812547, 40.7524326], [-73.9812658, 40.7524172], [-73.9813303, 40.7524438], [-73.9812477, 40.7525585]]]}}, {"type": "Feature", "properties": {"layer": "building", "osm_id": 302864526, "height_m": 122.0, "height_source": "tag:height", "kind": "yes", "name": ""}, "geometry": {"type": "Polygon", "coordinates": [[[-73.9824348, 40.7523602], [-73.9824584, 40.7523546], [-73.9824722, 40.7523366], [-73.9823622, 40.7521794], [-73.9821803, 40.752095], [-73.9821483, 40.752099], [-73.9822108, 40.7521288], [-73.982276, 40.7521604], [-73.982343, 40.7521962], [-73.982333, 40.7522095], [-73.9823553, 40.7522191], [-73.9823509, 40.752225], [-73.9823726, 40.7522343], [-73.9823673, 40.7522414], [-73.9823945, 40.752253], [-73.9823874, 40.7522625], [-73.9824073, 40.752271], [-73.9824, 40.7522808], [-73.9824167, 40.7522879], [-73.9824092, 40.7522978], [-73.982426, 40.752305], [-73.982418, 40.7523157], [-73.9824362, 40.7523235], [-73.9824285, 40.7523339], [-73.9824482, 40.7523423], [-73.9824348, 40.7523602]]]}}, {"type": "Feature", "properties": {"layer": "building", "osm_id": 317099481, "height_m": 137.0, "height_source": "tag:height", "kind": "yes", "name": ""}, "geometry": {"type": "Polygon", "coordinates": [[[-73.9854398, 40.7535533], [-73.9855392, 40.7535956], [-73.9856025, 40.7536225], [-73.9856653, 40.7535378], [-73.9857983, 40.7533584], [-73.9858666, 40.7532662], [-73.9856251, 40.7531635], [-73.985406, 40.7534591], [-73.9854158, 40.7534646], [-73.9854279, 40.7534713], [-73.985435, 40.7534807], [-73.9854433, 40.7534916], [-73.9854463, 40.7535034], [-73.9854492, 40.7535146], [-73.9854488, 40.7535241], [-73.9854483, 40.7535342], [-73.9854443, 40.7535432], [-73.9854398, 40.7535533]]]}}, {"type": "Feature", "properties": {"layer": "building", "osm_id": 372083672, "height_m": 12.0, "height_source": "estimate:default", "kind": "yes", "name": "The Bryant"}, "geometry": {"type": "Polygon", "coordinates": [[[-73.9827718, 40.7525037], [-73.983001, 40.7525991], [-73.9830984, 40.7526397], [-73.9832146, 40.7524794], [-73.9832734, 40.7523984], [-73.9831595, 40.752351], [-73.9829468, 40.7522625], [-73.9829339, 40.7522803], [-73.9827718, 40.7525037]]]}}, {"type": "Feature", "properties": {"layer": "building", "osm_id": 451854723, "height_m": 110.0, "height_source": "tag:height", "kind": "yes", "name": ""}, "geometry": {"type": "Polygon", "coordinates": [[[-73.983001, 40.7525991], [-73.9827718, 40.7525037], [-73.9829339, 40.7522803], [-73.983163, 40.7523757], [-73.983001, 40.7525991]]]}}, {"type": "Feature", "properties": {"layer": "building", "osm_id": 451854724, "height_m": 20.0, "height_source": "tag:height", "kind": "yes", "name": ""}, "geometry": {"type": "Polygon", "coordinates": [[[-73.983001, 40.7525991], [-73.9830984, 40.7526397], [-73.9832146, 40.7524794], [-73.9832734, 40.7523984], [-73.9831595, 40.752351], [-73.9829468, 40.7522625], [-73.9829339, 40.7522803], [-73.983163, 40.7523757], [-73.983001, 40.7525991]]]}}, {"type": "Feature", "properties": {"layer": "building", "osm_id": 702073637, "height_m": 12.0, "height_source": "estimate:default", "kind": "yes", "name": ""}, "geometry": {"type": "Polygon", "coordinates": [[[-73.9833065, 40.7530378], [-73.9833704, 40.7530646], [-73.9834164, 40.7530018], [-73.9833524, 40.7529751], [-73.9833065, 40.7530378]]]}}, {"type": "Feature", "properties": {"layer": "building", "osm_id": 702073638, "height_m": 12.0, "height_source": "estimate:default", "kind": "yes", "name": ""}, "geometry": {"type": "Polygon", "coordinates": [[[-73.982157, 40.7525994], [-73.9822295, 40.7525014], [-73.9825927, 40.7526539], [-73.9825202, 40.7527526], [-73.982157, 40.7525994]]]}}, {"type": "Feature", "properties": {"layer": "building", "osm_id": 702073639, "height_m": 12.0, "height_source": "estimate:default", "kind": "yes", "name": ""}, "geometry": {"type": "Polygon", "coordinates": [[[-73.9829827, 40.752948], [-73.9830572, 40.7528497], [-73.9826824, 40.7526922], [-73.9826105, 40.7527907], [-73.9829827, 40.752948]]]}}, {"type": "Feature", "properties": {"layer": "building", "osm_id": 702073799, "height_m": 12.0, "height_source": "estimate:default", "kind": "service", "name": ""}, "geometry": {"type": "Polygon", "coordinates": [[[-73.982736, 40.7532886], [-73.9828878, 40.7530782], [-73.9828965, 40.753081], [-73.9829491, 40.7530136], [-73.9830874, 40.7530723], [-73.9830993, 40.7530773], [-73.9830857, 40.7530958], [-73.9830976, 40.7531008], [-73.9831066, 40.7531048], [-73.9830795, 40.753142], [-73.9830702, 40.7531383], [-73.9830583, 40.7531333], [-73.982947, 40.7532853], [-73.9829308, 40.7532785], [-73.9828949, 40.7533274], [-73.9828645, 40.7533147], [-73.9828488, 40.7533361], [-73.982736, 40.7532886]]]}}, {"type": "Feature", "properties": {"layer": "building", "osm_id": 3565283, "height_m": 20.0, "height_source": "tag:height", "kind": "yes", "name": ""}, "geometry": {"type": "Polygon", "coordinates": [[[-73.9854649, 40.752207], [-73.9857357, 40.7523211], [-73.9856513, 40.7524368], [-73.9853806, 40.7523226], [-73.9854622, 40.7522107], [-73.9854649, 40.752207]]]}}, {"type": "Feature", "properties": {"layer": "building", "osm_id": 3566904, "height_m": 46.6, "height_source": "tag:height", "kind": "yes", "name": ""}, "geometry": {"type": "Polygon", "coordinates": [[[-73.9821589, 40.7503253], [-73.982185, 40.7503363], [-73.982223, 40.7502839], [-73.9823621, 40.7500936], [-73.9825674, 40.7501804], [-73.982438, 40.7503579], [-73.9828373, 40.7505261], [-73.9827731, 40.7506143], [-73.9827509, 40.7506447], [-73.9826246, 40.750818], [-73.9819936, 40.750552], [-73.9821589, 40.7503253]]]}}, {"type": "Feature", "properties": {"layer": "road", "osm_id": 5671181, "highway": "secondary", "width_m": 10.0, "name": "West 37th Street"}, "geometry": {"type": "LineString", "coordinates": [[-73.9859694, 40.7515125], [-73.9860648, 40.7515541], [-73.986267, 40.7516424], [-73.986399, 40.7517]]}}, {"type": "Feature", "properties": {"layer": "road", "osm_id": 5672155, "highway": "residential", "width_m": 8.0, "name": "East 40th Street"}, "geometry": {"type": "LineString", "coordinates": [[-73.9818235, 40.7522048], [-73.981705, 40.7521547], [-73.980312, 40.7515641], [-73.9802218, 40.7515352]]}}, {"type": "Feature", "properties": {"layer": "road", "osm_id": 36806906, "highway": "residential", "width_m": 8.0, "name": "West 39th Street"}, "geometry": {"type": "LineString", "coordinates": [[-73.9822757, 40.7515813], [-73.9824018, 40.751635], [-73.9834214, 40.7520694], [-73.9853572, 40.7528878], [-73.9854836, 40.7529437], [-73.9856236, 40.7530035], [-73.9869495, 40.7535697], [-73.9870696, 40.7536222]]}}, {"type": "Feature", "properties": {"layer": "road", "osm_id": 46522006, "highway": "secondary", "width_m": 10.0, "name": "West 36th Street"}, "geometry": {"type": "LineString", "coordinates": [[-73.986828, 40.7510824], [-73.9867294, 40.7510408], [-73.9861431, 40.7507935], [-73.9844604, 40.7500835]]}}, {"type": "Feature", "properties": {"layer": "road", "osm_id": 226041001, "highway": "residential", "width_m": 8.0, "name": "East 39th Street"}, "geometry": {"type": "LineString", "coordinates": [[-73.9806768, 40.7509069], [-73.9807675, 40.7509437], [-73.9816903, 40.7513377]]}}, {"type": "Feature", "properties": {"layer": "road", "osm_id": 226041022, "highway": "residential", "width_m": 8.0, "name": "West 40th Street"}, "geometry": {"type": "LineString", "coordinates": [[-73.9850397, 40.7535585], [-73.9849087, 40.7535033], [-73.9819515, 40.7522588], [-73.9818235, 40.7522048]]}}, {"type": "Feature", "properties": {"layer": "road", "osm_id": 384649120, "highway": "secondary", "width_m": 10.0, "name": "6th Avenue"}, "geometry": {"type": "LineString", "coordinates": [[-73.987037, 40.7507992], [-73.9868682, 40.7510279], [-73.986828, 40.7510824], [-73.9867943, 40.7511305], [-73.9864356, 40.7516472], [-73.986399, 40.7517], [-73.9863517, 40.7517646], [-73.9859895, 40.7522588], [-73.985947, 40.752317], [-73.9859053, 40.7523729], [-73.9855301, 40.7528774], [-73.9854836, 40.7529437], [-73.9854463, 40.7529929], [-73.9850816, 40.7535003], [-73.9850397, 40.7535585]]}}, {"type": "Feature", "properties": {"layer": "road", "osm_id": 420496529, "highway": "secondary", "width_m": 10.0, "name": "5th Avenue"}, "geometry": {"type": "LineString", "coordinates": [[-73.9831749, 40.7503415], [-73.9832263, 40.7502701], [-73.9835751, 40.7497863], [-73.9836173, 40.7497277]]}}, {"type": "Feature", "properties": {"layer": "road", "osm_id": 420499931, "highway": "secondary", "width_m": 10.0, "name": "East 37th Street"}, "geometry": {"type": "LineString", "coordinates": [[-73.9815704, 40.7496645], [-73.9816748, 40.7497086], [-73.9830618, 40.7502938], [-73.9831749, 40.7503415]]}}, {"type": "Feature", "properties": {"layer": "road", "osm_id": 420904660, "highway": "secondary", "width_m": 10.0, "name": "West 37th Street"}, "geometry": {"type": "LineString", "coordinates": [[-73.9831749, 40.7503415], [-73.9833027, 40.750395], [-73.9856437, 40.7513757]]}}, {"type": "Feature", "properties": {"layer": "road", "osm_id": 438385431, "highway": "secondary", "width_m": 10.0, "name": "5th Avenue"}, "geometry": {"type": "LineString", "coordinates": [[-73.9813803, 40.7528159], [-73.9814175, 40.7527646], [-73.9817769, 40.7522691], [-73.9818235, 40.7522048], [-73.9818682, 40.7521432], [-73.9821945, 40.7516933], [-73.9822265, 40.7516492], [-73.9822757, 40.7515813], [-73.9823156, 40.7515263], [-73.982674, 40.7510322], [-73.9827265, 40.7509597], [-73.9827735, 40.7508949], [-73.9831226, 40.7504137], [-73.9831749, 40.7503415]]}}, {"type": "Feature", "properties": {"layer": "road", "osm_id": 477873431, "highway": "pedestrian", "width_m": 5.0, "name": ""}, "geometry": {"type": "LineString", "coordinates": [[-73.9836349, 40.7508169], [-73.9837397, 40.7506732], [-73.9837482, 40.7506581], [-73.9837558, 40.7506447], [-73.9832985, 40.7504594], [-73.983292, 40.7504679], [-73.9832746, 40.7504904], [-73.9833848, 40.750537], [-73.9834422, 40.7505612], [-73.9834066, 40.75061], [-73.9834234, 40.7506171], [-73.9834061, 40.7506409], [-73.9834351, 40.7506521], [-73.9834183, 40.7506752], [-73.9836189, 40.7507588], [-73.9836012, 40.7507831], [-73.9835904, 40.7507981], [-73.9836349, 40.7508169]]}}, {"type": "Feature", "properties": {"layer": "road", "osm_id": 483236728, "highway": "residential", "width_m": 8.0, "name": "East 38th Street"}, "geometry": {"type": "LineString", "coordinates": [[-73.9827265, 40.7509597], [-73.9826164, 40.7509131], [-73.9812245, 40.750325], [-73.9811233, 40.7502832]]}}, {"type": "Feature", "properties": {"layer": "road", "osm_id": 511699185, "highway": "secondary", "width_m": 10.0, "name": "5th Avenue"}, "geometry": {"type": "LineString", "coordinates": [[-73.9808792, 40.7534805], [-73.9809447, 40.7533944], [-73.9811322, 40.7531449], [-73.9813256, 40.7528885], [-73.9813803, 40.7528159]]}}, {"type": "Feature", "properties": {"layer": "road", "osm_id": 542257009, "highway": "residential", "width_m": 8.0, "name": "West 38th Street"}, "geometry": {"type": "LineString", "coordinates": [[-73.9873437, 40.7528867], [-73.9871816, 40.7528183], [-73.9860836, 40.7523747], [-73.985947, 40.752317], [-73.9858161, 40.7522618], [-73.9853845, 40.75208], [-73.9836784, 40.7513611], [-73.9836166, 40.7513351], [-73.9833179, 40.7512092], [-73.9828445, 40.7510094], [-73.9827265, 40.7509597]]}}, {"type": "Feature", "properties": {"layer": "road", "osm_id": 618613774, "highway": "service", "width_m": 5.0, "name": ""}, "geometry": {"type": "LineString", "coordinates": [[-73.9836657, 40.7512619], [-73.9836593, 40.7512723], [-73.9836166, 40.7513351]]}}, {"type": "Feature", "properties": {"layer": "road", "osm_id": 618613775, "highway": "service", "width_m": 5.0, "name": ""}, "geometry": {"type": "LineString", "coordinates": [[-73.9853845, 40.75208], [-73.9854285, 40.7520231], [-73.9854401, 40.7520083]]}}, {"type": "Feature", "properties": {"layer": "road", "osm_id": 618613778, "highway": "service", "width_m": 5.0, "name": ""}, "geometry": {"type": "LineString", "coordinates": [[-73.9833655, 40.7511346], [-73.9833598, 40.7511452], [-73.9833179, 40.7512092]]}}, {"type": "Feature", "properties": {"layer": "road", "osm_id": 618613780, "highway": "service", "width_m": 5.0, "name": ""}, "geometry": {"type": "LineString", "coordinates": [[-73.9836353, 40.7514153], [-73.9836784, 40.7513611]]}}, {"type": "Feature", "properties": {"layer": "road", "osm_id": 678234027, "highway": "service", "width_m": 5.0, "name": ""}, "geometry": {"type": "LineString", "coordinates": [[-73.9844604, 40.7500835], [-73.9845072, 40.7500191], [-73.9845198, 40.7500017]]}}, {"type": "Feature", "properties": {"layer": "road", "osm_id": 702073781, "highway": "pedestrian", "width_m": 5.0, "name": ""}, "geometry": {"type": "LineString", "coordinates": [[-73.9847768, 40.7535073], [-73.9845296, 40.7534042], [-73.9833105, 40.752896], [-73.9819488, 40.7523283], [-73.9819437, 40.7523353], [-73.9819182, 40.7523705], [-73.9821837, 40.7524819], [-73.9821606, 40.7525137], [-73.9822006, 40.7525303], [-73.9822192, 40.7525049], [-73.9822018, 40.7524972], [-73.982206, 40.7524914], [-73.9822184, 40.752496], [-73.9822229, 40.7524904], [-73.9825979, 40.7526469], [-73.9826403, 40.7526646], [-73.9832398, 40.7529148], [-73.9832359, 40.7529203], [-73.9832804, 40.7529389], [-73.9833226, 40.7529565], [-73.9835362, 40.7530456], [-73.9835682, 40.753059], [-73.9839324, 40.753211], [-73.9844983, 40.7534471], [-73.9847449, 40.75355], [-73.984764, 40.7535244], [-73.9847768, 40.7535073]]}}, {"type": "Feature", "properties": {"layer": "road", "osm_id": 702073782, "highway": "pedestrian", "width_m": 5.0, "name": ""}, "geometry": {"type": "LineString", "coordinates": [[-73.9810954, 40.7535025], [-73.9811255, 40.753463], [-73.9811324, 40.7534535], [-73.9811293, 40.7534524], [-73.98114, 40.7534375], [-73.9811445, 40.7534392], [-73.9811899, 40.753378], [-73.981187, 40.7533767], [-73.9811965, 40.7533641], [-73.9812073, 40.7533683], [-73.9812088, 40.753366], [-73.9812108, 40.7533609], [-73.9812103, 40.7533549], [-73.9812081, 40.7533521], [-73.9812045, 40.75335], [-73.9814034, 40.7530782], [-73.9814008, 40.7530771], [-73.9814058, 40.7530706], [-73.9814932, 40.7529583], [-73.9815255, 40.7529146], [-73.9815778, 40.7528427], [-73.9816292, 40.7527613], [-73.9816322, 40.7527573], [-73.981635, 40.7527581], [-73.9818343, 40.7524858], [-73.9818463, 40.752486], [-73.9818522, 40.7524823], [-73.9818577, 40.752476], [-73.9818459, 40.7524699], [-73.9819104, 40.7523812], [-73.9819182, 40.7523705], [-73.9819437, 40.7523353], [-73.9819488, 40.7523283], [-73.9819385, 40.752324], [-73.981925, 40.7523187], [-73.9819101, 40.7523144], [-73.9818988, 40.7523121], [-73.9818875, 40.7523137], [-73.9818765, 40.7523128], [-73.9818656, 40.7523164], [-73.9818566, 40.7523214], [-73.9818456, 40.7523304], [-73.9818369, 40.7523398], [-73.9818309, 40.7523476], [-73.9814985, 40.752804], [-73.9814124, 40.7529233], [-73.9810535, 40.7534168], [-73.9810479, 40.753425], [-73.9810452, 40.7534296], [-73.9810396, 40.7534405], [-73.9810369, 40.7534495], [-73.9810366, 40.7534582], [-73.9810392, 40.7534668], [-73.9810449, 40.7534748], [-73.9810582, 40.7534848], [-73.9810625, 40.7534878], [-73.9810718, 40.7534926], [-73.9810847, 40.7534983], [-73.9810954, 40.7535025]]}}, {"type": "Feature", "properties": {"layer": "road", "osm_id": 702073785, "highway": "pedestrian", "width_m": 5.0, "name": ""}, "geometry": {"type": "LineString", "coordinates": [[-73.9816224, 40.7530871], [-73.981698, 40.7529848], [-73.9817776, 40.752875], [-73.9819153, 40.7526869], [-73.9819472, 40.7526433], [-73.9819563, 40.7526308], [-73.9820037, 40.7525662], [-73.9819924, 40.7525614], [-73.9819873, 40.7525688], [-73.9819581, 40.752557], [-73.9819412, 40.7525802], [-73.9819094, 40.7525669], [-73.9819264, 40.752543], [-73.9818976, 40.7525311], [-73.9819043, 40.752522], [-73.9818971, 40.7525198], [-73.9818904, 40.7525192], [-73.9818844, 40.7525198], [-73.9818791, 40.7525229], [-73.9818751, 40.7525275], [-73.9816651, 40.7528146], [-73.9817008, 40.7528296], [-73.9816866, 40.7528489], [-73.9816338, 40.7528266], [-73.981559, 40.7529277], [-73.9814784, 40.7530389], [-73.9815314, 40.7530612], [-73.981517, 40.7530804], [-73.9814827, 40.7530661], [-73.9812691, 40.7533593], [-73.9812679, 40.753364], [-73.9812692, 40.7533689], [-73.9812721, 40.7533728], [-73.9812806, 40.753377], [-73.9812888, 40.7533662], [-73.9813186, 40.753379], [-73.981335, 40.7533567], [-73.9813651, 40.7533692], [-73.9813489, 40.7533922], [-73.9813788, 40.7534043], [-73.9813732, 40.7534118], [-73.981382, 40.7534155], [-73.9814294, 40.7533507], [-73.9814385, 40.7533382], [-73.9814704, 40.7532947], [-73.9816224, 40.7530871]]}}, {"type": "Feature", "properties": {"layer": "road", "osm_id": 702073786, "highway": "pedestrian", "width_m": 5.0, "name": ""}, "geometry": {"type": "LineString", "coordinates": [[-73.981996, 40.752533], [-73.9819316, 40.7525059], [-73.9819294, 40.7525085], [-73.9819209, 40.752505], [-73.9819074, 40.752523], [-73.9819043, 40.752522], [-73.9818978, 40.7525311], [-73.9819264, 40.752543], [-73.9819581, 40.752557], [-73.9819873, 40.7525688], [-73.9819924, 40.7525614], [-73.9819868, 40.7525592], [-73.982002, 40.7525381], [-73.9819946, 40.7525349], [-73.981996, 40.752533]]}}, {"type": "Feature", "properties": {"layer": "road", "osm_id": 702073787, "highway": "pedestrian", "width_m": 5.0, "name": ""}, "geometry": {"type": "LineString", "coordinates": [[-73.9816224, 40.7530871], [-73.9816338, 40.753092], [-73.9816392, 40.7530942], [-73.9816046, 40.7531429], [-73.9816033, 40.7531506], [-73.9816059, 40.753162], [-73.9816131, 40.7531717], [-73.9816258, 40.7531771], [-73.9816376, 40.7531771], [-73.9816451, 40.7531744], [-73.9816556, 40.7531653], [-73.9817234, 40.7531925], [-73.981502, 40.7534921], [-73.9813592, 40.7534316], [-73.9813732, 40.7534118], [-73.981382, 40.7534155], [-73.981373, 40.7534277], [-73.9813958, 40.7534373], [-73.9814203, 40.7534038], [-73.9814851, 40.753431], [-73.9814602, 40.7534651], [-73.9814828, 40.7534748], [-73.9815806, 40.7533412], [-73.9815338, 40.7533213], [-73.9815212, 40.7533385], [-73.9815454, 40.7533487], [-73.9814978, 40.7534138], [-73.9814329, 40.7533865], [-73.9814522, 40.7533602], [-73.9814294, 40.7533507], [-73.9814385, 40.7533382], [-73.9814613, 40.7533478], [-73.9814806, 40.7533215], [-73.9815048, 40.7533316], [-73.9815174, 40.7533144], [-73.9814704, 40.7532947], [-73.9816224, 40.7530871]]}}, {"type": "Feature", "properties": {"layer": "road", "osm_id": 702073788, "highway": "pedestrian", "width_m": 5.0, "name": ""}, "geometry": {"type": "LineString", "coordinates": [[-73.9820072, 40.7525417], [-73.9819924, 40.7525614], [-73.9820037, 40.7525662], [-73.9820127, 40.7525538], [-73.9820355, 40.7525633], [-73.982011, 40.7525969], [-73.9820758, 40.7526241], [-73.9821008, 40.75259], [-73.9821236, 40.7525994], [-73.9820258, 40.752733], [-73.9819787, 40.7527135], [-73.9819913, 40.7526963], [-73.9820155, 40.7527064], [-73.9820632, 40.7526414], [-73.9819983, 40.7526141], [-73.9819791, 40.7526404], [-73.9819563, 40.7526308], [-73.9819472, 40.7526433], [-73.98197, 40.7526529], [-73.9819507, 40.7526792], [-73.9819749, 40.7526894], [-73.9819623, 40.7527066], [-73.9819153, 40.7526869], [-73.9817776, 40.752875], [-73.9817907, 40.7528801], [-73.9817954, 40.7528825], [-73.9818239, 40.7528438], [-73.9818314, 40.7528379], [-73.9818441, 40.7528339], [-73.9818553, 40.7528337], [-73.9818664, 40.7528364], [-73.9818755, 40.7528418], [-73.9818794, 40.7528475], [-73.9818794, 40.752854], [-73.9818749, 40.7528629], [-73.9819405, 40.7528904], [-73.9821511, 40.7526021], [-73.9820072, 40.7525417]]}}, {"type": "Feature", "properties": {"layer": "road", "osm_id": 702073792, "highway": "pedestrian", "width_m": 5.0, "name": ""}, "geometry": {"type": "LineString", "coordinates": [[-73.9814126, 40.7530787], [-73.9814525, 40.753095], [-73.9814747, 40.7530641], [-73.9814492, 40.7530537], [-73.9814662, 40.7530307], [-73.9815448, 40.7529221], [-73.9816336, 40.752801], [-73.9816594, 40.7528114], [-73.9816784, 40.7527854], [-73.9816388, 40.7527694], [-73.9815309, 40.7529167], [-73.9814126, 40.7530787]]}}, {"type": "Feature", "properties": {"layer": "road", "osm_id": 702073793, "highway": "pedestrian", "width_m": 5.0, "name": ""}, "geometry": {"type": "LineString", "coordinates": [[-73.9831004, 40.7530544], [-73.983089, 40.75307], [-73.9829518, 40.7530118], [-73.982963, 40.7529956], [-73.9829538, 40.7529906], [-73.9830603, 40.752851], [-73.9832032, 40.7529141], [-73.9831169, 40.753032], [-73.9831407, 40.753042], [-73.983227, 40.7529241], [-73.9832313, 40.752926], [-73.9832359, 40.7529203], [-73.9832804, 40.7529389], [-73.9833226, 40.7529565], [-73.9833169, 40.7529636], [-73.9833216, 40.7529657], [-73.9832876, 40.7530121], [-73.9832363, 40.7530821], [-73.9832289, 40.7530923], [-73.9832204, 40.753104], [-73.9831581, 40.7531892], [-73.983142, 40.7532112], [-73.9830796, 40.7532964], [-73.983098, 40.7533041], [-73.9830819, 40.7533261], [-73.9830635, 40.7533184], [-73.9830561, 40.7533286], [-73.9830126, 40.7533104], [-73.9829603, 40.7532884], [-73.9830686, 40.7531404], [-73.9830813, 40.7531455], [-73.9831117, 40.7531037], [-73.9830993, 40.7530985], [-73.9831243, 40.7530645], [-73.9831004, 40.7530544]]}}, {"type": "Feature", "properties": {"layer": "road", "osm_id": 702073794, "highway": "pedestrian", "width_m": 5.0, "name": ""}, "geometry": {"type": "LineString", "coordinates": [[-73.9826105, 40.7527907], [-73.9825202, 40.7527526], [-73.9825927, 40.7526539], [-73.982595, 40.7526507], [-73.9825979, 40.7526469], [-73.9826403, 40.7526646], [-73.9826349, 40.7526718], [-73.9826824, 40.7526922], [-73.9826105, 40.7527907]]}}, {"type": "Feature", "properties": {"layer": "road", "osm_id": 702073804, "highway": "pedestrian", "width_m": 5.0, "name": ""}, "geometry": {"type": "LineString", "coordinates": [[-73.9831225, 40.7533532], [-73.9832065, 40.7532383], [-73.983142, 40.7532112], [-73.9831581, 40.7531892], [-73.9832226, 40.7532163], [-73.983285, 40.7531311], [-73.9832204, 40.753104], [-73.9832289, 40.7530923], [-73.9832363, 40.7530821], [-73.983301, 40.7531091], [-73.9833162, 40.7530892], [-73.9833314, 40.7530955], [-73.9833284, 40.7530994], [-73.9833259, 40.7531027], [-73.9833342, 40.7531065], [-73.9833177, 40.7531295], [-73.9833048, 40.7531473], [-73.9832972, 40.753144], [-73.9832944, 40.753148], [-73.9832917, 40.7531515], [-73.9832999, 40.7531552], [-73.9831469, 40.7533638], [-73.9831225, 40.7533532]]}}, {"type": "Feature", "properties": {"layer": "road", "osm_id": 702073805, "highway": "pedestrian", "width_m": 5.0, "name": ""}, "geometry": {"type": "LineString", "coordinates": [[-73.9846236, 40.7535698], [-73.9846525, 40.7536459], [-73.9846396, 40.7536636], [-73.9846141, 40.7536984], [-73.9845345, 40.7538077], [-73.9844425, 40.7539328], [-73.984367, 40.7539011], [-73.9843412, 40.7539364], [-73.9843675, 40.7539474], [-73.9843546, 40.753965], [-73.9843776, 40.7539747], [-73.9843905, 40.7539571], [-73.9844167, 40.7539681], [-73.9844038, 40.7539857], [-73.9843942, 40.7539996], [-73.9844292, 40.7540135], [-73.984687, 40.7536562], [-73.9846995, 40.7536615], [-73.9847073, 40.7536518], [-73.9847006, 40.7536488], [-73.9846934, 40.7536455], [-73.9846808, 40.7536398], [-73.9846494, 40.7535573], [-73.9844925, 40.7534914], [-73.9845065, 40.7534704], [-73.9845039, 40.7534693], [-73.9845098, 40.7534615], [-73.9844929, 40.7534544], [-73.9844718, 40.7534456], [-73.984466, 40.7534534], [-73.9844615, 40.7534515], [-73.9844465, 40.753472], [-73.9841823, 40.7533611], [-73.9841974, 40.7533405], [-73.9841925, 40.7533388], [-73.9841966, 40.7533335], [-73.9840548, 40.753274], [-73.9840511, 40.7532791], [-73.9840464, 40.7532771], [-73.9840314, 40.7532977], [-73.9835461, 40.7530939], [-73.9835596, 40.7530755], [-73.9835569, 40.7530743], [-73.9835682, 40.753059], [-73.9835362, 40.7530456], [-73.9835246, 40.7530611], [-73.9835219, 40.75306], [-73.9835087, 40.7530781], [-73.9834892, 40.7530699], [-73.9834964, 40.7530595], [-73.9834064, 40.7530229], [-73.9833857, 40.7530502], [-73.9834956, 40.753096], [-73.9834468, 40.7531626], [-73.9834843, 40.7531783], [-73.983533, 40.7531118], [-73.9837717, 40.753212], [-73.983723, 40.7532786], [-73.983769, 40.7532979], [-73.9838177, 40.7532313], [-73.9839981, 40.753307], [-73.9839493, 40.7533736], [-73.9839939, 40.7533923], [-73.9840094, 40.7533712], [-73.9840326, 40.753381], [-73.9840505, 40.7533566], [-73.9840272, 40.7533469], [-73.9840427, 40.7533258], [-73.9840659, 40.7533355], [-73.9841249, 40.7533603], [-73.9841481, 40.7533701], [-73.9841327, 40.7533912], [-73.9841094, 40.7533814], [-73.9840916, 40.7534058], [-73.9841149, 40.7534155], [-73.9840994, 40.7534367], [-73.9841454, 40.753456], [-73.9841941, 40.7533894], [-73.9844334, 40.7534899], [-73.9843847, 40.7535565], [-73.9844105, 40.7535673], [-73.9844307, 40.7535758], [-73.9844794, 40.7535092], [-73.9846236, 40.7535698]]}}, {"type": "Feature", "properties": {"layer": "road", "osm_id": 702073806, "highway": "pedestrian", "width_m": 5.0, "name": ""}, "geometry": {"type": "LineString", "coordinates": [[-73.9834214, 40.7531974], [-73.9833749, 40.7532608], [-73.9833501, 40.7532503], [-73.9833403, 40.7532637], [-73.983403, 40.7532894], [-73.9834588, 40.7532131], [-73.9836976, 40.7533134], [-73.9836417, 40.7533897], [-73.9836877, 40.753409], [-73.9836893, 40.7534068], [-73.9837419, 40.7533349], [-73.9837435, 40.7533327], [-73.9840739, 40.7534715], [-73.9840181, 40.7535478], [-73.9840641, 40.753567], [-73.9841199, 40.7534907], [-73.9843593, 40.7535912], [-73.9843034, 40.7536676], [-73.9841858, 40.753826], [-73.9842096, 40.7538355], [-73.9842328, 40.7538448], [-73.9843228, 40.7537214], [-73.9843673, 40.7536618], [-73.9843845, 40.7536689], [-73.9844079, 40.7536372], [-73.9843909, 40.7536301], [-73.9844052, 40.7536106], [-73.9845059, 40.7536529], [-73.9844236, 40.7537637], [-73.984422, 40.7537662], [-73.9843345, 40.7538847], [-73.9843333, 40.753887], [-73.984367, 40.7539011], [-73.984459, 40.7537756], [-73.9845387, 40.7536667], [-73.9846141, 40.7536984], [-73.9846396, 40.7536636], [-73.9844924, 40.7536017], [-73.9845006, 40.7535905], [-73.9844637, 40.7535751], [-73.9844555, 40.7535862], [-73.9844307, 40.7535758], [-73.9844105, 40.7535673], [-73.9843847, 40.7535565], [-73.984359, 40.7535457], [-73.9843672, 40.7535345], [-73.9843252, 40.7535169], [-73.9843168, 40.7535283], [-73.9842913, 40.7535174], [-73.9842995, 40.753506], [-73.9842515, 40.7534858], [-73.9842431, 40.753497], [-73.9842175, 40.7534862], [-73.9842257, 40.753475], [-73.9841793, 40.7534555], [-73.984171, 40.7534667], [-73.9841454, 40.753456], [-73.9840994, 40.7534367], [-73.9840761, 40.7534269], [-73.9840916, 40.7534058], [-73.9841094, 40.7533814], [-73.9841249, 40.7533603], [-73.9840659, 40.7533355], [-73.9840505, 40.7533566], [-73.9840326, 40.753381], [-73.9840172, 40.7534021], [-73.9839939, 40.7533923], [-73.9839493, 40.7533736], [-73.9839223, 40.7533624], [-73.9839306, 40.7533512], [-73.98388, 40.7533298], [-73.9838717, 40.753341], [-73.9838447, 40.7533297], [-73.983853, 40.7533184], [-73.9838042, 40.753298], [-73.983796, 40.7533092], [-73.983769, 40.7532979], [-73.983723, 40.7532786], [-73.9836974, 40.7532679], [-73.9837056, 40.7532566], [-73.9836637, 40.7532392], [-73.9836553, 40.7532505], [-73.9836298, 40.7532396], [-73.9836381, 40.7532284], [-73.9835899, 40.7532082], [-73.9835818, 40.7532193], [-73.9835562, 40.7532086], [-73.9835644, 40.7531973], [-73.9835181, 40.7531779], [-73.9835099, 40.7531891], [-73.9834843, 40.7531783], [-73.9834468, 40.7531626], [-73.9833806, 40.7531347], [-73.9833862, 40.7531271], [-73.9833448, 40.7531097], [-73.9833273, 40.7531335], [-73.9833081, 40.7531598], [-73.9833495, 40.7531772], [-73.9833551, 40.7531696], [-73.9834214, 40.7531974]]}}, {"type": "Feature", "properties": {"layer": "road", "osm_id": 702132138, "highway": "pedestrian", "width_m": 5.0, "name": ""}, "geometry": {"type": "LineString", "coordinates": [[-73.9821508, 40.7525954], [-73.98212, 40.7525832], [-73.9821314, 40.7525677], [-73.9821095, 40.7525585], [-73.9820981, 40.752574], [-73.9820361, 40.752548], [-73.9820474, 40.7525324], [-73.9820135, 40.7525181], [-73.9820056, 40.7525289], [-73.981932, 40.7524982], [-73.98194, 40.7524873], [-73.9818886, 40.7524657], [-73.9818758, 40.7524833], [-73.9818577, 40.752476], [-73.9818459, 40.7524699], [-73.9818754, 40.7524292], [-73.9819104, 40.7523812], [-73.9819415, 40.7523935], [-73.9819218, 40.7524204], [-73.9821558, 40.7525187], [-73.9821577, 40.7525161], [-73.9821981, 40.7525329], [-73.9821508, 40.7525954]]}}, {"type": "Feature", "properties": {"layer": "road", "osm_id": 858965315, "highway": "residential", "width_m": 8.0, "name": "East 38th Street"}, "geometry": {"type": "LineString", "coordinates": [[-73.9811233, 40.7502832], [-73.9810285, 40.750241], [-73.9797702, 40.7497163], [-73.9796934, 40.7496822], [-73.9796046, 40.7496429]]}}, {"type": "Feature", "properties": {"layer": "road", "osm_id": 1036712190, "highway": "secondary", "width_m": 10.0, "name": "West 37th Street"}, "geometry": {"type": "LineString", "coordinates": [[-73.9856437, 40.7513757], [-73.9859694, 40.7515125]]}}, {"type": "Feature", "properties": {"layer": "road", "osm_id": 1115300941, "highway": "pedestrian", "width_m": 5.0, "name": "Fifth Avenue Tower Urban Plaza"}, "geometry": {"type": "LineString", "coordinates": [[-73.9815805, 40.7513808], [-73.9814097, 40.7516163], [-73.9815761, 40.7516861], [-73.9815994, 40.751654], [-73.9816296, 40.7516126], [-73.9815931, 40.7515972], [-73.9817094, 40.7514382], [-73.9815805, 40.7513808]]}}, {"type": "Feature", "properties": {"layer": "road", "osm_id": 1150636501, "highway": "residential", "width_m": 8.0, "name": "East 39th Street"}, "geometry": {"type": "LineString", "coordinates": [[-73.9816903, 40.7513377], [-73.9821502, 40.7515285], [-73.9822757, 40.7515813]]}}, {"type": "Feature", "properties": {"layer": "road", "osm_id": 1316295724, "highway": "residential", "width_m": 8.0, "name": "East 41st Street"}, "geometry": {"type": "LineString", "coordinates": [[-73.9813803, 40.7528159], [-73.9812565, 40.7527636], [-73.9798777, 40.7521827], [-73.9797786, 40.7521404], [-73.9796835, 40.7521059], [-73.9791222, 40.7518731]]}}, {"type": "Feature", "properties": {"layer": "road", "osm_id": 1529537887, "highway": "secondary", "width_m": 10.0, "name": "West 36th Street"}, "geometry": {"type": "LineString", "coordinates": [[-73.9844604, 40.7500835], [-73.9840376, 40.749905], [-73.9837554, 40.749786], [-73.9836173, 40.7497277]]}}, {"type": "Feature", "properties": {"layer": "road", "osm_id": 1530333337, "highway": "secondary", "width_m": 10.0, "name": "Madison Avenue"}, "geometry": {"type": "LineString", "coordinates": [[-73.9811233, 40.7502832], [-73.9810754, 40.7503512], [-73.9807116, 40.7508618], [-73.9806768, 40.7509069]]}}, {"type": "Feature", "properties": {"layer": "road", "osm_id": 1530333338, "highway": "secondary", "width_m": 10.0, "name": "Madison Avenue"}, "geometry": {"type": "LineString", "coordinates": [[-73.9815704, 40.7496645], [-73.9815228, 40.7497302], [-73.9811931, 40.7501866], [-73.981162, 40.7502299], [-73.9811233, 40.7502832]]}}, {"type": "Feature", "properties": {"layer": "water", "osm_id": 702073733, "kind": "water"}, "geometry": {"type": "Polygon", "coordinates": [[[-73.9816993, 40.7531708], [-73.9816963, 40.7531674], [-73.9816961, 40.7531632], [-73.9816968, 40.7531599], [-73.9816991, 40.7531566], [-73.9817027, 40.753155], [-73.9817072, 40.7531533], [-73.9817112, 40.7531528], [-73.9817155, 40.7531545], [-73.9817162, 40.7531568], [-73.9817118, 40.753158], [-73.981707, 40.7531599], [-73.9817043, 40.7531635], [-73.9817039, 40.7531674], [-73.9817038, 40.7531702], [-73.9816993, 40.7531708]]]}}, {"type": "Feature", "properties": {"layer": "water", "osm_id": 702073734, "kind": "water"}, "geometry": {"type": "Polygon", "coordinates": [[[-73.9817079, 40.7531738], [-73.9817051, 40.7531708], [-73.9817049, 40.7531672], [-73.9817054, 40.7531637], [-73.9817077, 40.7531603], [-73.9817111, 40.7531589], [-73.9817158, 40.7531577], [-73.9817189, 40.7531573], [-73.9817229, 40.7531588], [-73.9817235, 40.7531609], [-73.9817195, 40.7531621], [-73.981715, 40.7531638], [-73.9817125, 40.7531672], [-73.9817121, 40.7531707], [-73.9817123, 40.7531735], [-73.9817079, 40.7531738]]]}}, {"type": "Feature", "properties": {"layer": "water", "osm_id": 702073735, "kind": "water"}, "geometry": {"type": "Polygon", "coordinates": [[[-73.9816566, 40.7531491], [-73.9816599, 40.7531435], [-73.9816636, 40.7531388], [-73.9816691, 40.7531342], [-73.9816747, 40.7531347], [-73.9816987, 40.7531441], [-73.9817032, 40.7531464], [-73.981694, 40.7531476], [-73.9816861, 40.7531528], [-73.981683, 40.7531591], [-73.9816849, 40.7531654], [-73.9816811, 40.7531639], [-73.9816593, 40.7531546], [-73.981656, 40.753152], [-73.9816566, 40.7531491]]]}}, {"type": "Feature", "properties": {"layer": "water", "osm_id": 702073736, "kind": "water"}, "geometry": {"type": "Polygon", "coordinates": [[[-73.9816895, 40.7531689], [-73.9816859, 40.7531649], [-73.9816847, 40.7531597], [-73.9816859, 40.7531551], [-73.9816894, 40.7531513], [-73.9816938, 40.7531489], [-73.9816993, 40.7531474], [-73.9817052, 40.7531468], [-73.9817107, 40.7531485], [-73.9817102, 40.7531519], [-73.9817046, 40.7531536], [-73.9816988, 40.7531558], [-73.9816955, 40.7531602], [-73.981695, 40.7531649], [-73.9816955, 40.7531674], [-73.981695, 40.7531693], [-73.9816895, 40.7531689]]]}}, {"type": "Feature", "properties": {"layer": "water", "osm_id": 702073737, "kind": "water"}, "geometry": {"type": "Polygon", "coordinates": [[[-73.9819015, 40.7529071], [-73.9818993, 40.752904], [-73.9818985, 40.7529], [-73.9818993, 40.7528965], [-73.9819014, 40.7528942], [-73.9819059, 40.7528923], [-73.9819088, 40.7528914], [-73.9819125, 40.7528906], [-73.9819165, 40.7528921], [-73.9819171, 40.7528942], [-73.9819131, 40.7528954], [-73.9819086, 40.7528971], [-73.9819061, 40.7529004], [-73.9819057, 40.752904], [-73.9819061, 40.752906], [-73.9819047, 40.7529079], [-73.9819015, 40.7529071]]]}}, {"type": "Feature", "properties": {"layer": "water", "osm_id": 702073738, "kind": "water"}, "geometry": {"type": "Polygon", "coordinates": [[[-73.9816689, 40.7531238], [-73.981671, 40.7531192], [-73.9816703, 40.753114], [-73.9816645, 40.7531106], [-73.9816576, 40.7531107], [-73.9816537, 40.7531133], [-73.981651, 40.7531169], [-73.9816483, 40.7531182], [-73.9816379, 40.7531227], [-73.9816281, 40.7531348], [-73.9816287, 40.7531461], [-73.9816288, 40.7531492], [-73.981626, 40.7531533], [-73.9816246, 40.7531577], [-73.9816267, 40.7531618], [-73.9816316, 40.7531639], [-73.9816372, 40.7531633], [-73.9816418, 40.7531604], [-73.9816458, 40.7531567], [-73.9816513, 40.7531583], [-73.981653, 40.7531568], [-73.981655, 40.7531485], [-73.9816616, 40.7531382], [-73.981671, 40.7531303], [-73.9816742, 40.7531276], [-73.9816689, 40.7531238]]]}}, {"type": "Feature", "properties": {"layer": "water", "osm_id": 702073739, "kind": "water"}, "geometry": {"type": "Polygon", "coordinates": [[[-73.9818831, 40.7529022], [-73.9818795, 40.7528982], [-73.9818783, 40.752893], [-73.9818795, 40.7528884], [-73.981883, 40.7528845], [-73.9818874, 40.7528821], [-73.9818929, 40.7528807], [-73.9818988, 40.7528801], [-73.9819044, 40.7528818], [-73.9819038, 40.7528852], [-73.9818982, 40.7528869], [-73.9818924, 40.7528891], [-73.9818891, 40.7528935], [-73.9818887, 40.7528982], [-73.9818892, 40.7529007], [-73.9818886, 40.7529026], [-73.9818831, 40.7529022]]]}}, {"type": "Feature", "properties": {"layer": "water", "osm_id": 702073740, "kind": "water"}, "geometry": {"type": "Polygon", "coordinates": [[[-73.9818929, 40.752904], [-73.9818899, 40.7529007], [-73.9818896, 40.7528975], [-73.9818901, 40.7528938], [-73.9818928, 40.7528901], [-73.9818961, 40.7528885], [-73.9819005, 40.752887], [-73.9819048, 40.7528861], [-73.9819092, 40.7528878], [-73.9819098, 40.7528901], [-73.9819055, 40.7528913], [-73.9819006, 40.7528932], [-73.9818979, 40.7528968], [-73.9818975, 40.7529007], [-73.9818977, 40.7529036], [-73.9818929, 40.752904]]]}}, {"type": "Feature", "properties": {"layer": "water", "osm_id": 702073741, "kind": "water"}, "geometry": {"type": "Polygon", "coordinates": [[[-73.9818625, 40.7528571], [-73.9818647, 40.7528525], [-73.9818639, 40.7528473], [-73.9818582, 40.7528439], [-73.9818512, 40.752844], [-73.9818473, 40.7528466], [-73.9818446, 40.7528501], [-73.981842, 40.7528515], [-73.9818315, 40.752856], [-73.9818218, 40.7528681], [-73.9818223, 40.7528794], [-73.9818224, 40.7528825], [-73.9818196, 40.7528866], [-73.9818182, 40.752891], [-73.9818203, 40.7528951], [-73.9818252, 40.7528972], [-73.9818308, 40.7528966], [-73.9818354, 40.7528936], [-73.9818395, 40.7528899], [-73.9818449, 40.7528916], [-73.9818466, 40.7528901], [-73.9818476, 40.752881], [-73.9818552, 40.7528699], [-73.9818646, 40.7528636], [-73.9818683, 40.7528614], [-73.9818662, 40.75286], [-73.9818625, 40.7528571]]]}}, {"type": "Feature", "properties": {"layer": "water", "osm_id": 702073742, "kind": "water"}, "geometry": {"type": "Polygon", "coordinates": [[[-73.9818486, 40.7528824], [-73.9818515, 40.7528768], [-73.9818556, 40.7528714], [-73.9818617, 40.7528671], [-73.9818683, 40.752868], [-73.9818923, 40.7528774], [-73.9818964, 40.7528793], [-73.9818885, 40.7528807], [-73.9818832, 40.7528834], [-73.9818797, 40.7528861], [-73.981878, 40.7528888], [-73.9818769, 40.7528935], [-73.9818778, 40.7528984], [-73.9818747, 40.7528971], [-73.9818529, 40.7528879], [-73.9818484, 40.7528854], [-73.9818486, 40.7528824]]]}}, {"type": "Feature", "properties": {"layer": "green", "osm_id": 22727025, "kind": "park"}, "geometry": {"type": "Polygon", "coordinates": [[[-73.9830608, 40.7528464], [-73.9822727, 40.753923], [-73.9824866, 40.7540175], [-73.9833425, 40.7543773], [-73.9839967, 40.7546551], [-73.9840853, 40.754635], [-73.984804, 40.7535787], [-73.9839324, 40.753211], [-73.9830608, 40.7528464]]]}}, {"type": "Feature", "properties": {"layer": "green", "osm_id": 702073594, "kind": "garden"}, "geometry": {"type": "Polygon", "coordinates": [[[-73.9832876, 40.7530121], [-73.9833164, 40.7530242], [-73.9833504, 40.7529778], [-73.9833216, 40.7529657], [-73.9832876, 40.7530121]]]}}, {"type": "Feature", "properties": {"layer": "green", "osm_id": 702073595, "kind": "garden"}, "geometry": {"type": "Polygon", "coordinates": [[[-73.982905, 40.753364], [-73.9828464, 40.7533394], [-73.9828645, 40.7533147], [-73.9828949, 40.7533274], [-73.9829308, 40.7532785], [-73.982947, 40.7532853], [-73.9830583, 40.7531333], [-73.9830702, 40.7531383], [-73.982905, 40.753364]]]}}, {"type": "Feature", "properties": {"layer": "green", "osm_id": 702073604, "kind": "garden"}, "geometry": {"type": "Polygon", "coordinates": [[[-73.9812801, 40.7533785], [-73.9812717, 40.7533749], [-73.9812667, 40.753371], [-73.9812647, 40.7533663], [-73.9812648, 40.7533591], [-73.9812797, 40.7533386], [-73.9814529, 40.7530988], [-73.9814035, 40.7530783], [-73.9812045, 40.75335], [-73.9812081, 40.7533521], [-73.9812103, 40.7533549], [-73.9812108, 40.7533609], [-73.9812088, 40.753366], [-73.9812059, 40.7533703], [-73.9812672, 40.7533963], [-73.9812801, 40.7533785]]]}}, {"type": "Feature", "properties": {"layer": "green", "osm_id": 702073608, "kind": "garden"}, "geometry": {"type": "Polygon", "coordinates": [[[-73.9820361, 40.752548], [-73.9820021, 40.7525337], [-73.9820056, 40.7525289], [-73.9820135, 40.7525181], [-73.9820474, 40.7525324], [-73.9820361, 40.752548]]]}}, {"type": "Feature", "properties": {"layer": "green", "osm_id": 702073609, "kind": "garden"}, "geometry": {"type": "Polygon", "coordinates": [[[-73.98212, 40.7525832], [-73.9820981, 40.752574], [-73.9821095, 40.7525585], [-73.9821314, 40.7525677], [-73.98212, 40.7525832]]]}}, {"type": "Feature", "properties": {"layer": "green", "osm_id": 702073610, "kind": "garden"}, "geometry": {"type": "Polygon", "coordinates": [[[-73.9819286, 40.7525028], [-73.9818758, 40.7524833], [-73.9818886, 40.7524657], [-73.98194, 40.7524873], [-73.981932, 40.7524982], [-73.9819286, 40.7525028]]]}}, {"type": "Feature", "properties": {"layer": "green", "osm_id": 702073611, "kind": "garden"}, "geometry": {"type": "Polygon", "coordinates": [[[-73.9821558, 40.7525187], [-73.9819218, 40.7524204], [-73.9819415, 40.7523935], [-73.9821755, 40.7524917], [-73.9821577, 40.7525161], [-73.9821558, 40.7525187]]]}}, {"type": "Feature", "properties": {"layer": "green", "osm_id": 702073612, "kind": "garden"}, "geometry": {"type": "Polygon", "coordinates": [[[-73.9819913, 40.7526963], [-73.9819787, 40.7527135], [-73.9820258, 40.752733], [-73.9821236, 40.7525994], [-73.9821008, 40.75259], [-73.9820758, 40.7526241], [-73.982011, 40.7525969], [-73.9820355, 40.7525633], [-73.9820127, 40.7525538], [-73.9819563, 40.7526308], [-73.9819791, 40.7526404], [-73.9819983, 40.7526141], [-73.9820632, 40.7526414], [-73.9820155, 40.7527064], [-73.9819913, 40.7526963]]]}}, {"type": "Feature", "properties": {"layer": "green", "osm_id": 702073613, "kind": "garden"}, "geometry": {"type": "Polygon", "coordinates": [[[-73.9819063, 40.7525193], [-73.9818988, 40.7525166], [-73.9818901, 40.7525153], [-73.9818844, 40.7525164], [-73.9818765, 40.7525197], [-73.9818614, 40.7525401], [-73.9816852, 40.7527792], [-73.981635, 40.7527581], [-73.9818343, 40.7524858], [-73.9818404, 40.7524872], [-73.9818463, 40.752486], [-73.9818522, 40.7524823], [-73.9818561, 40.7524782], [-73.9818577, 40.752476], [-73.981919, 40.7525017], [-73.9819063, 40.7525193]]]}}, {"type": "Feature", "properties": {"layer": "green", "osm_id": 702073614, "kind": "garden"}, "geometry": {"type": "Polygon", "coordinates": [[[-73.983227, 40.7529241], [-73.9832032, 40.7529141], [-73.9831169, 40.753032], [-73.9831407, 40.753042], [-73.983227, 40.7529241]]]}}, {"type": "Feature", "properties": {"layer": "green", "osm_id": 702073615, "kind": "garden"}, "geometry": {"type": "Polygon", "coordinates": [[[-73.98197, 40.7526529], [-73.9819507, 40.7526792], [-73.9819749, 40.7526894], [-73.9819623, 40.7527066], [-73.9819153, 40.7526869], [-73.9819472, 40.7526433], [-73.98197, 40.7526529]]]}}, {"type": "Feature", "properties": {"layer": "green", "osm_id": 702073617, "kind": "garden"}, "geometry": {"type": "Polygon", "coordinates": [[[-73.9831243, 40.7530645], [-73.9830976, 40.7531008], [-73.9830857, 40.7530958], [-73.9830993, 40.7530773], [-73.9830874, 40.7530723], [-73.9831004, 40.7530544], [-73.9831243, 40.7530645]]]}}, {"type": "Feature", "properties": {"layer": "green", "osm_id": 702073618, "kind": "garden"}, "geometry": {"type": "Polygon", "coordinates": [[[-73.9840314, 40.7532977], [-73.9835461, 40.7530939], [-73.9835653, 40.7530677], [-73.9840505, 40.7532716], [-73.9840314, 40.7532977]]]}}, {"type": "Feature", "properties": {"layer": "green", "osm_id": 702073619, "kind": "garden"}, "geometry": {"type": "Polygon", "coordinates": [[[-73.9837717, 40.753212], [-73.983723, 40.7532786], [-73.9836974, 40.7532679], [-73.9837056, 40.7532566], [-73.9836637, 40.7532392], [-73.9836553, 40.7532505], [-73.9836298, 40.7532396], [-73.9836381, 40.7532284], [-73.98359, 40.7532081], [-73.9835818, 40.7532193], [-73.9835562, 40.7532086], [-73.9835644, 40.7531973], [-73.9835181, 40.7531779], [-73.9835099, 40.7531891], [-73.9834843, 40.7531783], [-73.983533, 40.7531118], [-73.9837717, 40.753212]]]}}, {"type": "Feature", "properties": {"layer": "green", "osm_id": 702073620, "kind": "garden"}, "geometry": {"type": "Polygon", "coordinates": [[[-73.9834468, 40.7531626], [-73.9833806, 40.7531347], [-73.9833862, 40.7531271], [-73.9833428, 40.7531085], [-73.9833857, 40.7530502], [-73.9834956, 40.753096], [-73.9834468, 40.7531626]]]}}, {"type": "Feature", "properties": {"layer": "green", "osm_id": 702073621, "kind": "garden"}, "geometry": {"type": "Polygon", "coordinates": [[[-73.9834214, 40.7531974], [-73.9833551, 40.7531696], [-73.9833495, 40.7531772], [-73.9833051, 40.7531588], [-73.9832549, 40.7532276], [-73.9833403, 40.7532637], [-73.9833501, 40.7532503], [-73.9833749, 40.7532608], [-73.9834214, 40.7531974]]]}}, {"type": "Feature", "properties": {"layer": "green", "osm_id": 702073623, "kind": "garden"}, "geometry": {"type": "Polygon", "coordinates": [[[-73.9835087, 40.7530781], [-73.9834892, 40.7530699], [-73.9834964, 40.7530595], [-73.9834064, 40.7530229], [-73.9834184, 40.753007], [-73.9835274, 40.7530525], [-73.9835087, 40.7530781]]]}}]}